<?xml version="1.0" encoding="utf-8" standalone="yes"?>
<rss version="2.0" xmlns:atom="http://www.w3.org/2005/Atom">
  <channel>
    <title>green on Signal Flags</title>
    <link>https://signalflags.org/tags/green/</link>
    <description>Recent content in green on Signal Flags</description>
    <generator>Hugo -- gohugo.io</generator>
    <language>en-gb</language><atom:link href="https://signalflags.org/tags/green/index.xml" rel="self" type="application/rss+xml" />
    <item>
      <title>Green and white flag</title>
      <link>https://signalflags.org/flags/greenwhite/</link>
      <pubDate>Mon, 01 Jan 0001 00:00:00 +0000</pubDate>
      
      <guid>https://signalflags.org/flags/greenwhite/</guid>
      <description></description>
    </item>
    
    <item>
      <title>Green flag</title>
      <link>https://signalflags.org/flags/green/</link>
      <pubDate>Mon, 01 Jan 0001 00:00:00 +0000</pubDate>
      
      <guid>https://signalflags.org/flags/green/</guid>
      <description></description>
    </item>
    
    <item>
      <title>Moved to starboard flag</title>
      <link>https://signalflags.org/flags/tostarboard/</link>
      <pubDate>Mon, 01 Jan 0001 00:00:00 +0000</pubDate>
      
      <guid>https://signalflags.org/flags/tostarboard/</guid>
      <description></description>
    </item>
    
  </channel>
</rss>
