<?xml version="1.0" encoding="utf-8" standalone="yes"?>
<rss version="2.0" xmlns:atom="http://www.w3.org/2005/Atom">
  <channel>
    <title>red on Signal Flags</title>
    <link>https://signalflags.org/tags/red/</link>
    <description>Recent content in red on Signal Flags</description>
    <generator>Hugo -- gohugo.io</generator>
    <language>en-gb</language><atom:link href="https://signalflags.org/tags/red/index.xml" rel="self" type="application/rss+xml" />
    <item>
      <title>Alphabet flag B</title>
      <link>https://signalflags.org/flags/b/</link>
      <pubDate>Mon, 01 Jan 0001 00:00:00 +0000</pubDate>
      
      <guid>https://signalflags.org/flags/b/</guid>
      <description></description>
    </item>
    
    <item>
      <title>Alphabet flag C</title>
      <link>https://signalflags.org/flags/c/</link>
      <pubDate>Mon, 01 Jan 0001 00:00:00 +0000</pubDate>
      
      <guid>https://signalflags.org/flags/c/</guid>
      <description></description>
    </item>
    
    <item>
      <title>Alphabet flag E</title>
      <link>https://signalflags.org/flags/e/</link>
      <pubDate>Mon, 01 Jan 0001 00:00:00 +0000</pubDate>
      
      <guid>https://signalflags.org/flags/e/</guid>
      <description></description>
    </item>
    
    <item>
      <title>Alphabet flag F</title>
      <link>https://signalflags.org/flags/f/</link>
      <pubDate>Mon, 01 Jan 0001 00:00:00 +0000</pubDate>
      
      <guid>https://signalflags.org/flags/f/</guid>
      <description></description>
    </item>
    
    <item>
      <title>Alphabet flag H</title>
      <link>https://signalflags.org/flags/h/</link>
      <pubDate>Mon, 01 Jan 0001 00:00:00 +0000</pubDate>
      
      <guid>https://signalflags.org/flags/h/</guid>
      <description></description>
    </item>
    
    <item>
      <title>Alphabet flag O</title>
      <link>https://signalflags.org/flags/o/</link>
      <pubDate>Mon, 01 Jan 0001 00:00:00 +0000</pubDate>
      
      <guid>https://signalflags.org/flags/o/</guid>
      <description></description>
    </item>
    
    <item>
      <title>Alphabet flag R</title>
      <link>https://signalflags.org/flags/r/</link>
      <pubDate>Mon, 01 Jan 0001 00:00:00 +0000</pubDate>
      
      <guid>https://signalflags.org/flags/r/</guid>
      <description></description>
    </item>
    
    <item>
      <title>Alphabet flag T</title>
      <link>https://signalflags.org/flags/t/</link>
      <pubDate>Mon, 01 Jan 0001 00:00:00 +0000</pubDate>
      
      <guid>https://signalflags.org/flags/t/</guid>
      <description></description>
    </item>
    
    <item>
      <title>Alphabet flag U</title>
      <link>https://signalflags.org/flags/u/</link>
      <pubDate>Mon, 01 Jan 0001 00:00:00 +0000</pubDate>
      
      <guid>https://signalflags.org/flags/u/</guid>
      <description></description>
    </item>
    
    <item>
      <title>Alphabet flag V</title>
      <link>https://signalflags.org/flags/v/</link>
      <pubDate>Mon, 01 Jan 0001 00:00:00 +0000</pubDate>
      
      <guid>https://signalflags.org/flags/v/</guid>
      <description></description>
    </item>
    
    <item>
      <title>Alphabet flag W</title>
      <link>https://signalflags.org/flags/w/</link>
      <pubDate>Mon, 01 Jan 0001 00:00:00 +0000</pubDate>
      
      <guid>https://signalflags.org/flags/w/</guid>
      <description></description>
    </item>
    
    <item>
      <title>Alphabet flag Y</title>
      <link>https://signalflags.org/flags/y/</link>
      <pubDate>Mon, 01 Jan 0001 00:00:00 +0000</pubDate>
      
      <guid>https://signalflags.org/flags/y/</guid>
      <description></description>
    </item>
    
    <item>
      <title>Alphabet flag Z</title>
      <link>https://signalflags.org/flags/z/</link>
      <pubDate>Mon, 01 Jan 0001 00:00:00 +0000</pubDate>
      
      <guid>https://signalflags.org/flags/z/</guid>
      <description></description>
    </item>
    
    <item>
      <title>Answering Pennant</title>
      <link>https://signalflags.org/flags/ap/</link>
      <pubDate>Mon, 01 Jan 0001 00:00:00 +0000</pubDate>
      
      <guid>https://signalflags.org/flags/ap/</guid>
      <description></description>
    </item>
    
    <item>
      <title>Fourth substitute</title>
      <link>https://signalflags.org/flags/s4/</link>
      <pubDate>Mon, 01 Jan 0001 00:00:00 +0000</pubDate>
      
      <guid>https://signalflags.org/flags/s4/</guid>
      <description></description>
    </item>
    
    <item>
      <title>Moved to port flag</title>
      <link>https://signalflags.org/flags/toport/</link>
      <pubDate>Mon, 01 Jan 0001 00:00:00 +0000</pubDate>
      
      <guid>https://signalflags.org/flags/toport/</guid>
      <description></description>
    </item>
    
    <item>
      <title>Numeral 0</title>
      <link>https://signalflags.org/flags/n0/</link>
      <pubDate>Mon, 01 Jan 0001 00:00:00 +0000</pubDate>
      
      <guid>https://signalflags.org/flags/n0/</guid>
      <description></description>
    </item>
    
    <item>
      <title>Numeral 1</title>
      <link>https://signalflags.org/flags/n1/</link>
      <pubDate>Mon, 01 Jan 0001 00:00:00 +0000</pubDate>
      
      <guid>https://signalflags.org/flags/n1/</guid>
      <description></description>
    </item>
    
    <item>
      <title>Numeral 3</title>
      <link>https://signalflags.org/flags/n3/</link>
      <pubDate>Mon, 01 Jan 0001 00:00:00 +0000</pubDate>
      
      <guid>https://signalflags.org/flags/n3/</guid>
      <description></description>
    </item>
    
    <item>
      <title>Numeral 4</title>
      <link>https://signalflags.org/flags/n4/</link>
      <pubDate>Mon, 01 Jan 0001 00:00:00 +0000</pubDate>
      
      <guid>https://signalflags.org/flags/n4/</guid>
      <description></description>
    </item>
    
    <item>
      <title>Numeral 7</title>
      <link>https://signalflags.org/flags/n7/</link>
      <pubDate>Mon, 01 Jan 0001 00:00:00 +0000</pubDate>
      
      <guid>https://signalflags.org/flags/n7/</guid>
      <description></description>
    </item>
    
    <item>
      <title>Numeral 8</title>
      <link>https://signalflags.org/flags/n8/</link>
      <pubDate>Mon, 01 Jan 0001 00:00:00 +0000</pubDate>
      
      <guid>https://signalflags.org/flags/n8/</guid>
      <description></description>
    </item>
    
    <item>
      <title>Numeral 9</title>
      <link>https://signalflags.org/flags/n9/</link>
      <pubDate>Mon, 01 Jan 0001 00:00:00 +0000</pubDate>
      
      <guid>https://signalflags.org/flags/n9/</guid>
      <description></description>
    </item>
    
    <item>
      <title>Red flag</title>
      <link>https://signalflags.org/flags/red/</link>
      <pubDate>Mon, 01 Jan 0001 00:00:00 +0000</pubDate>
      
      <guid>https://signalflags.org/flags/red/</guid>
      <description></description>
    </item>
    
  </channel>
</rss>
