<?xml version="1.0" encoding="utf-8" standalone="yes"?>
<rss version="2.0" xmlns:atom="http://www.w3.org/2005/Atom">
  <channel>
    <title>alphabet on Signal Flags</title>
    <link>https://signalflags.org/tags/alphabet/</link>
    <description>Recent content in alphabet on Signal Flags</description>
    <generator>Hugo -- gohugo.io</generator>
    <language>en-gb</language><atom:link href="https://signalflags.org/tags/alphabet/index.xml" rel="self" type="application/rss+xml" />
    <item>
      <title>Alphabet flag A</title>
      <link>https://signalflags.org/flags/a/</link>
      <pubDate>Mon, 01 Jan 0001 00:00:00 +0000</pubDate>
      
      <guid>https://signalflags.org/flags/a/</guid>
      <description></description>
    </item>
    
    <item>
      <title>Alphabet flag B</title>
      <link>https://signalflags.org/flags/b/</link>
      <pubDate>Mon, 01 Jan 0001 00:00:00 +0000</pubDate>
      
      <guid>https://signalflags.org/flags/b/</guid>
      <description></description>
    </item>
    
    <item>
      <title>Alphabet flag C</title>
      <link>https://signalflags.org/flags/c/</link>
      <pubDate>Mon, 01 Jan 0001 00:00:00 +0000</pubDate>
      
      <guid>https://signalflags.org/flags/c/</guid>
      <description></description>
    </item>
    
    <item>
      <title>Alphabet flag D</title>
      <link>https://signalflags.org/flags/d/</link>
      <pubDate>Mon, 01 Jan 0001 00:00:00 +0000</pubDate>
      
      <guid>https://signalflags.org/flags/d/</guid>
      <description></description>
    </item>
    
    <item>
      <title>Alphabet flag E</title>
      <link>https://signalflags.org/flags/e/</link>
      <pubDate>Mon, 01 Jan 0001 00:00:00 +0000</pubDate>
      
      <guid>https://signalflags.org/flags/e/</guid>
      <description></description>
    </item>
    
    <item>
      <title>Alphabet flag F</title>
      <link>https://signalflags.org/flags/f/</link>
      <pubDate>Mon, 01 Jan 0001 00:00:00 +0000</pubDate>
      
      <guid>https://signalflags.org/flags/f/</guid>
      <description></description>
    </item>
    
    <item>
      <title>Alphabet flag G</title>
      <link>https://signalflags.org/flags/g/</link>
      <pubDate>Mon, 01 Jan 0001 00:00:00 +0000</pubDate>
      
      <guid>https://signalflags.org/flags/g/</guid>
      <description></description>
    </item>
    
    <item>
      <title>Alphabet flag H</title>
      <link>https://signalflags.org/flags/h/</link>
      <pubDate>Mon, 01 Jan 0001 00:00:00 +0000</pubDate>
      
      <guid>https://signalflags.org/flags/h/</guid>
      <description></description>
    </item>
    
    <item>
      <title>Alphabet flag I</title>
      <link>https://signalflags.org/flags/i/</link>
      <pubDate>Mon, 01 Jan 0001 00:00:00 +0000</pubDate>
      
      <guid>https://signalflags.org/flags/i/</guid>
      <description></description>
    </item>
    
    <item>
      <title>Alphabet flag J</title>
      <link>https://signalflags.org/flags/j/</link>
      <pubDate>Mon, 01 Jan 0001 00:00:00 +0000</pubDate>
      
      <guid>https://signalflags.org/flags/j/</guid>
      <description></description>
    </item>
    
    <item>
      <title>Alphabet flag K</title>
      <link>https://signalflags.org/flags/k/</link>
      <pubDate>Mon, 01 Jan 0001 00:00:00 +0000</pubDate>
      
      <guid>https://signalflags.org/flags/k/</guid>
      <description></description>
    </item>
    
    <item>
      <title>Alphabet flag L</title>
      <link>https://signalflags.org/flags/l/</link>
      <pubDate>Mon, 01 Jan 0001 00:00:00 +0000</pubDate>
      
      <guid>https://signalflags.org/flags/l/</guid>
      <description></description>
    </item>
    
    <item>
      <title>Alphabet flag M</title>
      <link>https://signalflags.org/flags/m/</link>
      <pubDate>Mon, 01 Jan 0001 00:00:00 +0000</pubDate>
      
      <guid>https://signalflags.org/flags/m/</guid>
      <description></description>
    </item>
    
    <item>
      <title>Alphabet flag N</title>
      <link>https://signalflags.org/flags/n/</link>
      <pubDate>Mon, 01 Jan 0001 00:00:00 +0000</pubDate>
      
      <guid>https://signalflags.org/flags/n/</guid>
      <description></description>
    </item>
    
    <item>
      <title>Alphabet flag O</title>
      <link>https://signalflags.org/flags/o/</link>
      <pubDate>Mon, 01 Jan 0001 00:00:00 +0000</pubDate>
      
      <guid>https://signalflags.org/flags/o/</guid>
      <description></description>
    </item>
    
    <item>
      <title>Alphabet flag P</title>
      <link>https://signalflags.org/flags/p/</link>
      <pubDate>Mon, 01 Jan 0001 00:00:00 +0000</pubDate>
      
      <guid>https://signalflags.org/flags/p/</guid>
      <description></description>
    </item>
    
    <item>
      <title>Alphabet flag Q</title>
      <link>https://signalflags.org/flags/q/</link>
      <pubDate>Mon, 01 Jan 0001 00:00:00 +0000</pubDate>
      
      <guid>https://signalflags.org/flags/q/</guid>
      <description></description>
    </item>
    
    <item>
      <title>Alphabet flag R</title>
      <link>https://signalflags.org/flags/r/</link>
      <pubDate>Mon, 01 Jan 0001 00:00:00 +0000</pubDate>
      
      <guid>https://signalflags.org/flags/r/</guid>
      <description></description>
    </item>
    
    <item>
      <title>Alphabet flag S</title>
      <link>https://signalflags.org/flags/s/</link>
      <pubDate>Mon, 01 Jan 0001 00:00:00 +0000</pubDate>
      
      <guid>https://signalflags.org/flags/s/</guid>
      <description></description>
    </item>
    
    <item>
      <title>Alphabet flag T</title>
      <link>https://signalflags.org/flags/t/</link>
      <pubDate>Mon, 01 Jan 0001 00:00:00 +0000</pubDate>
      
      <guid>https://signalflags.org/flags/t/</guid>
      <description></description>
    </item>
    
    <item>
      <title>Alphabet flag U</title>
      <link>https://signalflags.org/flags/u/</link>
      <pubDate>Mon, 01 Jan 0001 00:00:00 +0000</pubDate>
      
      <guid>https://signalflags.org/flags/u/</guid>
      <description></description>
    </item>
    
    <item>
      <title>Alphabet flag V</title>
      <link>https://signalflags.org/flags/v/</link>
      <pubDate>Mon, 01 Jan 0001 00:00:00 +0000</pubDate>
      
      <guid>https://signalflags.org/flags/v/</guid>
      <description></description>
    </item>
    
    <item>
      <title>Alphabet flag W</title>
      <link>https://signalflags.org/flags/w/</link>
      <pubDate>Mon, 01 Jan 0001 00:00:00 +0000</pubDate>
      
      <guid>https://signalflags.org/flags/w/</guid>
      <description></description>
    </item>
    
    <item>
      <title>Alphabet flag X</title>
      <link>https://signalflags.org/flags/x/</link>
      <pubDate>Mon, 01 Jan 0001 00:00:00 +0000</pubDate>
      
      <guid>https://signalflags.org/flags/x/</guid>
      <description></description>
    </item>
    
    <item>
      <title>Alphabet flag Y</title>
      <link>https://signalflags.org/flags/y/</link>
      <pubDate>Mon, 01 Jan 0001 00:00:00 +0000</pubDate>
      
      <guid>https://signalflags.org/flags/y/</guid>
      <description></description>
    </item>
    
    <item>
      <title>Alphabet flag Z</title>
      <link>https://signalflags.org/flags/z/</link>
      <pubDate>Mon, 01 Jan 0001 00:00:00 +0000</pubDate>
      
      <guid>https://signalflags.org/flags/z/</guid>
      <description></description>
    </item>
    
  </channel>
</rss>
