{
  "id": "sf-triangle-outline",
  "meta": {
    "homepage": "https://signalflags.org/",
    "version": "3.0.0",
    "license": {
      "spdx": "Unlicense",
      "link": "https://unlicense.org/"
    },
    "generated": {
      "date": "2021-03-30",
      "link": "https://www.npmjs.com/package/signal-flags",
      "version": "2.4.0"
    },
    "options": {
      "type": "triangle"
    }
  },
  "svg": {
    "s1": "<svg viewBox=\"0 0 240 180\">\n<path fill=\"#ffd100\" d=\"M0,37.5V142.5L140,90Z\"/>\n<path fill=\"#005eb8\" d=\"M0,0L240,90L0,180ZM0,37.5V142.5L140,90L0,37.5\"/>\n<path fill=\"none\" stroke=\"#000\" stroke-width=\"1\" d=\"M0.5,0.5L239.5,90.5L0.5,179.5Z\"/>\n</svg>",
    "s2": "<svg viewBox=\"0 0 240 180\">\n<path fill=\"#005eb8\" d=\"M0,0L100,37.5V142.5L0,180Z\"/>\n<path fill=\"#f5f5f5\" d=\"M100,37.5L240,90L100,142.5Z\"/>\n<path fill=\"none\" stroke=\"#000\" stroke-width=\"1\" d=\"M0.5,0.5L239.5,90.5L0.5,179.5Z\"/>\n</svg>",
    "s3": "<svg viewBox=\"0 0 240 180\">\n<path fill=\"#f5f5f5\" d=\"M0,0V60H160Z\"/>\n<path fill=\"#2d2926\" d=\"M0,60V120H160L240,90L160,60Z\"/>\n<path fill=\"#f5f5f5\" d=\"M0,180V120H160Z\"/>\n<path fill=\"none\" stroke=\"#000\" stroke-width=\"1\" d=\"M0.5,0.5L239.5,90.5L0.5,179.5Z\"/>\n</svg>",
    "s4": "<svg viewBox=\"0 0 240 180\">\n<path fill=\"#c8102e\" d=\"M0,0L240,90L0,180ZM0,60V120H60V60H0Z\"/>\n<path fill=\"#ffd100\" d=\"M0,60H60V120H0Z\"/>\n<path fill=\"none\" stroke=\"#000\" stroke-width=\"1\" d=\"M0.5,0.5L239.5,90.5L0.5,179.5Z\"/>\n</svg>"
  }
}
