<?xml version="1.0" encoding="utf-8" standalone="yes"?>
<rss version="2.0" xmlns:atom="http://www.w3.org/2005/Atom">
  <channel>
    <title>yellow on Signal Flags</title>
    <link>https://signalflags.org/tags/yellow/</link>
    <description>Recent content in yellow on Signal Flags</description>
    <generator>Hugo -- gohugo.io</generator>
    <language>en-gb</language><atom:link href="https://signalflags.org/tags/yellow/index.xml" rel="self" type="application/rss+xml" />
    <item>
      <title>Alphabet flag D</title>
      <link>https://signalflags.org/flags/d/</link>
      <pubDate>Mon, 01 Jan 0001 00:00:00 +0000</pubDate>
      
      <guid>https://signalflags.org/flags/d/</guid>
      <description></description>
    </item>
    
    <item>
      <title>Alphabet flag G</title>
      <link>https://signalflags.org/flags/g/</link>
      <pubDate>Mon, 01 Jan 0001 00:00:00 +0000</pubDate>
      
      <guid>https://signalflags.org/flags/g/</guid>
      <description></description>
    </item>
    
    <item>
      <title>Alphabet flag I</title>
      <link>https://signalflags.org/flags/i/</link>
      <pubDate>Mon, 01 Jan 0001 00:00:00 +0000</pubDate>
      
      <guid>https://signalflags.org/flags/i/</guid>
      <description></description>
    </item>
    
    <item>
      <title>Alphabet flag K</title>
      <link>https://signalflags.org/flags/k/</link>
      <pubDate>Mon, 01 Jan 0001 00:00:00 +0000</pubDate>
      
      <guid>https://signalflags.org/flags/k/</guid>
      <description></description>
    </item>
    
    <item>
      <title>Alphabet flag L</title>
      <link>https://signalflags.org/flags/l/</link>
      <pubDate>Mon, 01 Jan 0001 00:00:00 +0000</pubDate>
      
      <guid>https://signalflags.org/flags/l/</guid>
      <description></description>
    </item>
    
    <item>
      <title>Alphabet flag O</title>
      <link>https://signalflags.org/flags/o/</link>
      <pubDate>Mon, 01 Jan 0001 00:00:00 +0000</pubDate>
      
      <guid>https://signalflags.org/flags/o/</guid>
      <description></description>
    </item>
    
    <item>
      <title>Alphabet flag Q</title>
      <link>https://signalflags.org/flags/q/</link>
      <pubDate>Mon, 01 Jan 0001 00:00:00 +0000</pubDate>
      
      <guid>https://signalflags.org/flags/q/</guid>
      <description></description>
    </item>
    
    <item>
      <title>Alphabet flag R</title>
      <link>https://signalflags.org/flags/r/</link>
      <pubDate>Mon, 01 Jan 0001 00:00:00 +0000</pubDate>
      
      <guid>https://signalflags.org/flags/r/</guid>
      <description></description>
    </item>
    
    <item>
      <title>Alphabet flag Y</title>
      <link>https://signalflags.org/flags/y/</link>
      <pubDate>Mon, 01 Jan 0001 00:00:00 +0000</pubDate>
      
      <guid>https://signalflags.org/flags/y/</guid>
      <description></description>
    </item>
    
    <item>
      <title>Alphabet flag Z</title>
      <link>https://signalflags.org/flags/z/</link>
      <pubDate>Mon, 01 Jan 0001 00:00:00 +0000</pubDate>
      
      <guid>https://signalflags.org/flags/z/</guid>
      <description></description>
    </item>
    
    <item>
      <title>First substitute</title>
      <link>https://signalflags.org/flags/s1/</link>
      <pubDate>Mon, 01 Jan 0001 00:00:00 +0000</pubDate>
      
      <guid>https://signalflags.org/flags/s1/</guid>
      <description></description>
    </item>
    
    <item>
      <title>Fourth substitute</title>
      <link>https://signalflags.org/flags/s4/</link>
      <pubDate>Mon, 01 Jan 0001 00:00:00 +0000</pubDate>
      
      <guid>https://signalflags.org/flags/s4/</guid>
      <description></description>
    </item>
    
    <item>
      <title>Numeral 0</title>
      <link>https://signalflags.org/flags/n0/</link>
      <pubDate>Mon, 01 Jan 0001 00:00:00 +0000</pubDate>
      
      <guid>https://signalflags.org/flags/n0/</guid>
      <description></description>
    </item>
    
    <item>
      <title>Numeral 5</title>
      <link>https://signalflags.org/flags/n5/</link>
      <pubDate>Mon, 01 Jan 0001 00:00:00 +0000</pubDate>
      
      <guid>https://signalflags.org/flags/n5/</guid>
      <description></description>
    </item>
    
    <item>
      <title>Numeral 7</title>
      <link>https://signalflags.org/flags/n7/</link>
      <pubDate>Mon, 01 Jan 0001 00:00:00 +0000</pubDate>
      
      <guid>https://signalflags.org/flags/n7/</guid>
      <description></description>
    </item>
    
    <item>
      <title>Numeral 9</title>
      <link>https://signalflags.org/flags/n9/</link>
      <pubDate>Mon, 01 Jan 0001 00:00:00 +0000</pubDate>
      
      <guid>https://signalflags.org/flags/n9/</guid>
      <description></description>
    </item>
    
    <item>
      <title>Yellow flag</title>
      <link>https://signalflags.org/flags/yellow/</link>
      <pubDate>Mon, 01 Jan 0001 00:00:00 +0000</pubDate>
      
      <guid>https://signalflags.org/flags/yellow/</guid>
      <description></description>
    </item>
    
  </channel>
</rss>
