<?xml version="1.0" encoding="utf-8" standalone="yes"?>
<rss version="2.0" xmlns:atom="http://www.w3.org/2005/Atom">
  <channel>
    <title>rrs on Signal Flags</title>
    <link>https://signalflags.org/tags/rrs/</link>
    <description>Recent content in rrs on Signal Flags</description>
    <generator>Hugo -- gohugo.io</generator>
    <language>en-gb</language><atom:link href="https://signalflags.org/tags/rrs/index.xml" rel="self" type="application/rss+xml" />
    <item>
      <title>Black and white flag</title>
      <link>https://signalflags.org/flags/blackwhite/</link>
      <pubDate>Mon, 01 Jan 0001 00:00:00 +0000</pubDate>
      
      <guid>https://signalflags.org/flags/blackwhite/</guid>
      <description></description>
    </item>
    
    <item>
      <title>Black flag</title>
      <link>https://signalflags.org/flags/black/</link>
      <pubDate>Mon, 01 Jan 0001 00:00:00 +0000</pubDate>
      
      <guid>https://signalflags.org/flags/black/</guid>
      <description></description>
    </item>
    
    <item>
      <title>Blue flag</title>
      <link>https://signalflags.org/flags/blue/</link>
      <pubDate>Mon, 01 Jan 0001 00:00:00 +0000</pubDate>
      
      <guid>https://signalflags.org/flags/blue/</guid>
      <description></description>
    </item>
    
    <item>
      <title>Decrease distance flag</title>
      <link>https://signalflags.org/flags/decrease/</link>
      <pubDate>Mon, 01 Jan 0001 00:00:00 +0000</pubDate>
      
      <guid>https://signalflags.org/flags/decrease/</guid>
      <description></description>
    </item>
    
    <item>
      <title>Green and white flag</title>
      <link>https://signalflags.org/flags/greenwhite/</link>
      <pubDate>Mon, 01 Jan 0001 00:00:00 +0000</pubDate>
      
      <guid>https://signalflags.org/flags/greenwhite/</guid>
      <description></description>
    </item>
    
    <item>
      <title>Green flag</title>
      <link>https://signalflags.org/flags/green/</link>
      <pubDate>Mon, 01 Jan 0001 00:00:00 +0000</pubDate>
      
      <guid>https://signalflags.org/flags/green/</guid>
      <description></description>
    </item>
    
    <item>
      <title>Increase distance flag</title>
      <link>https://signalflags.org/flags/increase/</link>
      <pubDate>Mon, 01 Jan 0001 00:00:00 +0000</pubDate>
      
      <guid>https://signalflags.org/flags/increase/</guid>
      <description></description>
    </item>
    
    <item>
      <title>Moved to port flag</title>
      <link>https://signalflags.org/flags/toport/</link>
      <pubDate>Mon, 01 Jan 0001 00:00:00 +0000</pubDate>
      
      <guid>https://signalflags.org/flags/toport/</guid>
      <description></description>
    </item>
    
    <item>
      <title>Moved to starboard flag</title>
      <link>https://signalflags.org/flags/tostarboard/</link>
      <pubDate>Mon, 01 Jan 0001 00:00:00 +0000</pubDate>
      
      <guid>https://signalflags.org/flags/tostarboard/</guid>
      <description></description>
    </item>
    
    <item>
      <title>Orange flag</title>
      <link>https://signalflags.org/flags/orange/</link>
      <pubDate>Mon, 01 Jan 0001 00:00:00 +0000</pubDate>
      
      <guid>https://signalflags.org/flags/orange/</guid>
      <description></description>
    </item>
    
    <item>
      <title>Red flag</title>
      <link>https://signalflags.org/flags/red/</link>
      <pubDate>Mon, 01 Jan 0001 00:00:00 +0000</pubDate>
      
      <guid>https://signalflags.org/flags/red/</guid>
      <description></description>
    </item>
    
    <item>
      <title>Yellow flag</title>
      <link>https://signalflags.org/flags/yellow/</link>
      <pubDate>Mon, 01 Jan 0001 00:00:00 +0000</pubDate>
      
      <guid>https://signalflags.org/flags/yellow/</guid>
      <description></description>
    </item>
    
  </channel>
</rss>
