<?xml version="1.0" encoding="utf-8" standalone="yes"?>
<rss version="2.0" xmlns:atom="http://www.w3.org/2005/Atom">
  <channel>
    <title>info on Signal Flags</title>
    <link>https://signalflags.org/categories/info/</link>
    <description>Recent content in info on Signal Flags</description>
    <generator>Hugo -- gohugo.io</generator>
    <language>en-gb</language><atom:link href="https://signalflags.org/categories/info/index.xml" rel="self" type="application/rss+xml" />
    <item>
      <title>About signalflags.org</title>
      <link>https://signalflags.org/about/</link>
      <pubDate>Mon, 01 Jan 0001 00:00:00 +0000</pubDate>
      
      <guid>https://signalflags.org/about/</guid>
      <description>signalflags.org is an open source project and all our images and software are provided &amp;ldquo;as is&amp;rdquo;. If you have any suggestions for improvement, please see our project issues page     on GitHub.
 signalflags.org images (the &amp;ldquo;Software&amp;rdquo;) are free and unencumbered software released into the public domain. For more information, please refer to https://unlicense.org/     .
This website is copyright signalflags.org 2021 and is published under a Creative Commons Attribution 4.</description>
    </item>
    
  </channel>
</rss>
