<?xml version="1.0" encoding="utf-8" standalone="yes"?>
<rss version="2.0" xmlns:atom="http://www.w3.org/2005/Atom">
  <channel>
    <title>mark-move on Signal Flags</title>
    <link>https://signalflags.org/tags/mark-move/</link>
    <description>Recent content in mark-move on Signal Flags</description>
    <generator>Hugo -- gohugo.io</generator>
    <language>en-gb</language><atom:link href="https://signalflags.org/tags/mark-move/index.xml" rel="self" type="application/rss+xml" />
    <item>
      <title>Decrease distance flag</title>
      <link>https://signalflags.org/flags/decrease/</link>
      <pubDate>Mon, 01 Jan 0001 00:00:00 +0000</pubDate>
      
      <guid>https://signalflags.org/flags/decrease/</guid>
      <description></description>
    </item>
    
    <item>
      <title>Increase distance flag</title>
      <link>https://signalflags.org/flags/increase/</link>
      <pubDate>Mon, 01 Jan 0001 00:00:00 +0000</pubDate>
      
      <guid>https://signalflags.org/flags/increase/</guid>
      <description></description>
    </item>
    
    <item>
      <title>Moved to port flag</title>
      <link>https://signalflags.org/flags/toport/</link>
      <pubDate>Mon, 01 Jan 0001 00:00:00 +0000</pubDate>
      
      <guid>https://signalflags.org/flags/toport/</guid>
      <description></description>
    </item>
    
    <item>
      <title>Moved to starboard flag</title>
      <link>https://signalflags.org/flags/tostarboard/</link>
      <pubDate>Mon, 01 Jan 0001 00:00:00 +0000</pubDate>
      
      <guid>https://signalflags.org/flags/tostarboard/</guid>
      <description></description>
    </item>
    
  </channel>
</rss>
