<?xml version="1.0" encoding="utf-8" standalone="yes"?>
<rss version="2.0" xmlns:atom="http://www.w3.org/2005/Atom">
  <channel>
    <title>white on Signal Flags</title>
    <link>https://signalflags.org/tags/white/</link>
    <description>Recent content in white on Signal Flags</description>
    <generator>Hugo -- gohugo.io</generator>
    <language>en-gb</language><atom:link href="https://signalflags.org/tags/white/index.xml" rel="self" type="application/rss+xml" />
    <item>
      <title>Alphabet flag A</title>
      <link>https://signalflags.org/flags/a/</link>
      <pubDate>Mon, 01 Jan 0001 00:00:00 +0000</pubDate>
      
      <guid>https://signalflags.org/flags/a/</guid>
      <description></description>
    </item>
    
    <item>
      <title>Alphabet flag C</title>
      <link>https://signalflags.org/flags/c/</link>
      <pubDate>Mon, 01 Jan 0001 00:00:00 +0000</pubDate>
      
      <guid>https://signalflags.org/flags/c/</guid>
      <description></description>
    </item>
    
    <item>
      <title>Alphabet flag F</title>
      <link>https://signalflags.org/flags/f/</link>
      <pubDate>Mon, 01 Jan 0001 00:00:00 +0000</pubDate>
      
      <guid>https://signalflags.org/flags/f/</guid>
      <description></description>
    </item>
    
    <item>
      <title>Alphabet flag H</title>
      <link>https://signalflags.org/flags/h/</link>
      <pubDate>Mon, 01 Jan 0001 00:00:00 +0000</pubDate>
      
      <guid>https://signalflags.org/flags/h/</guid>
      <description></description>
    </item>
    
    <item>
      <title>Alphabet flag J</title>
      <link>https://signalflags.org/flags/j/</link>
      <pubDate>Mon, 01 Jan 0001 00:00:00 +0000</pubDate>
      
      <guid>https://signalflags.org/flags/j/</guid>
      <description></description>
    </item>
    
    <item>
      <title>Alphabet flag M</title>
      <link>https://signalflags.org/flags/m/</link>
      <pubDate>Mon, 01 Jan 0001 00:00:00 +0000</pubDate>
      
      <guid>https://signalflags.org/flags/m/</guid>
      <description></description>
    </item>
    
    <item>
      <title>Alphabet flag N</title>
      <link>https://signalflags.org/flags/n/</link>
      <pubDate>Mon, 01 Jan 0001 00:00:00 +0000</pubDate>
      
      <guid>https://signalflags.org/flags/n/</guid>
      <description></description>
    </item>
    
    <item>
      <title>Alphabet flag P</title>
      <link>https://signalflags.org/flags/p/</link>
      <pubDate>Mon, 01 Jan 0001 00:00:00 +0000</pubDate>
      
      <guid>https://signalflags.org/flags/p/</guid>
      <description></description>
    </item>
    
    <item>
      <title>Alphabet flag S</title>
      <link>https://signalflags.org/flags/s/</link>
      <pubDate>Mon, 01 Jan 0001 00:00:00 +0000</pubDate>
      
      <guid>https://signalflags.org/flags/s/</guid>
      <description></description>
    </item>
    
    <item>
      <title>Alphabet flag T</title>
      <link>https://signalflags.org/flags/t/</link>
      <pubDate>Mon, 01 Jan 0001 00:00:00 +0000</pubDate>
      
      <guid>https://signalflags.org/flags/t/</guid>
      <description></description>
    </item>
    
    <item>
      <title>Alphabet flag U</title>
      <link>https://signalflags.org/flags/u/</link>
      <pubDate>Mon, 01 Jan 0001 00:00:00 +0000</pubDate>
      
      <guid>https://signalflags.org/flags/u/</guid>
      <description></description>
    </item>
    
    <item>
      <title>Alphabet flag V</title>
      <link>https://signalflags.org/flags/v/</link>
      <pubDate>Mon, 01 Jan 0001 00:00:00 +0000</pubDate>
      
      <guid>https://signalflags.org/flags/v/</guid>
      <description></description>
    </item>
    
    <item>
      <title>Alphabet flag W</title>
      <link>https://signalflags.org/flags/w/</link>
      <pubDate>Mon, 01 Jan 0001 00:00:00 +0000</pubDate>
      
      <guid>https://signalflags.org/flags/w/</guid>
      <description></description>
    </item>
    
    <item>
      <title>Alphabet flag X</title>
      <link>https://signalflags.org/flags/x/</link>
      <pubDate>Mon, 01 Jan 0001 00:00:00 +0000</pubDate>
      
      <guid>https://signalflags.org/flags/x/</guid>
      <description></description>
    </item>
    
    <item>
      <title>Answering Pennant</title>
      <link>https://signalflags.org/flags/ap/</link>
      <pubDate>Mon, 01 Jan 0001 00:00:00 +0000</pubDate>
      
      <guid>https://signalflags.org/flags/ap/</guid>
      <description></description>
    </item>
    
    <item>
      <title>Black and white flag</title>
      <link>https://signalflags.org/flags/blackwhite/</link>
      <pubDate>Mon, 01 Jan 0001 00:00:00 +0000</pubDate>
      
      <guid>https://signalflags.org/flags/blackwhite/</guid>
      <description></description>
    </item>
    
    <item>
      <title>Decrease distance flag</title>
      <link>https://signalflags.org/flags/decrease/</link>
      <pubDate>Mon, 01 Jan 0001 00:00:00 +0000</pubDate>
      
      <guid>https://signalflags.org/flags/decrease/</guid>
      <description></description>
    </item>
    
    <item>
      <title>Green and white flag</title>
      <link>https://signalflags.org/flags/greenwhite/</link>
      <pubDate>Mon, 01 Jan 0001 00:00:00 +0000</pubDate>
      
      <guid>https://signalflags.org/flags/greenwhite/</guid>
      <description></description>
    </item>
    
    <item>
      <title>Increase distance flag</title>
      <link>https://signalflags.org/flags/increase/</link>
      <pubDate>Mon, 01 Jan 0001 00:00:00 +0000</pubDate>
      
      <guid>https://signalflags.org/flags/increase/</guid>
      <description></description>
    </item>
    
    <item>
      <title>Moved to port flag</title>
      <link>https://signalflags.org/flags/toport/</link>
      <pubDate>Mon, 01 Jan 0001 00:00:00 +0000</pubDate>
      
      <guid>https://signalflags.org/flags/toport/</guid>
      <description></description>
    </item>
    
    <item>
      <title>Moved to starboard flag</title>
      <link>https://signalflags.org/flags/tostarboard/</link>
      <pubDate>Mon, 01 Jan 0001 00:00:00 +0000</pubDate>
      
      <guid>https://signalflags.org/flags/tostarboard/</guid>
      <description></description>
    </item>
    
    <item>
      <title>Numeral 1</title>
      <link>https://signalflags.org/flags/n1/</link>
      <pubDate>Mon, 01 Jan 0001 00:00:00 +0000</pubDate>
      
      <guid>https://signalflags.org/flags/n1/</guid>
      <description></description>
    </item>
    
    <item>
      <title>Numeral 2</title>
      <link>https://signalflags.org/flags/n2/</link>
      <pubDate>Mon, 01 Jan 0001 00:00:00 +0000</pubDate>
      
      <guid>https://signalflags.org/flags/n2/</guid>
      <description></description>
    </item>
    
    <item>
      <title>Numeral 3</title>
      <link>https://signalflags.org/flags/n3/</link>
      <pubDate>Mon, 01 Jan 0001 00:00:00 +0000</pubDate>
      
      <guid>https://signalflags.org/flags/n3/</guid>
      <description></description>
    </item>
    
    <item>
      <title>Numeral 4</title>
      <link>https://signalflags.org/flags/n4/</link>
      <pubDate>Mon, 01 Jan 0001 00:00:00 +0000</pubDate>
      
      <guid>https://signalflags.org/flags/n4/</guid>
      <description></description>
    </item>
    
    <item>
      <title>Numeral 6</title>
      <link>https://signalflags.org/flags/n6/</link>
      <pubDate>Mon, 01 Jan 0001 00:00:00 +0000</pubDate>
      
      <guid>https://signalflags.org/flags/n6/</guid>
      <description></description>
    </item>
    
    <item>
      <title>Numeral 8</title>
      <link>https://signalflags.org/flags/n8/</link>
      <pubDate>Mon, 01 Jan 0001 00:00:00 +0000</pubDate>
      
      <guid>https://signalflags.org/flags/n8/</guid>
      <description></description>
    </item>
    
    <item>
      <title>Numeral 9</title>
      <link>https://signalflags.org/flags/n9/</link>
      <pubDate>Mon, 01 Jan 0001 00:00:00 +0000</pubDate>
      
      <guid>https://signalflags.org/flags/n9/</guid>
      <description></description>
    </item>
    
    <item>
      <title>Second substitute</title>
      <link>https://signalflags.org/flags/s2/</link>
      <pubDate>Mon, 01 Jan 0001 00:00:00 +0000</pubDate>
      
      <guid>https://signalflags.org/flags/s2/</guid>
      <description></description>
    </item>
    
    <item>
      <title>Third substitute</title>
      <link>https://signalflags.org/flags/s3/</link>
      <pubDate>Mon, 01 Jan 0001 00:00:00 +0000</pubDate>
      
      <guid>https://signalflags.org/flags/s3/</guid>
      <description></description>
    </item>
    
  </channel>
</rss>
