<?xml version="1.0" encoding="utf-8" standalone="yes"?>
<rss version="2.0" xmlns:atom="http://www.w3.org/2005/Atom">
  <channel>
    <title>orange on Signal Flags</title>
    <link>https://signalflags.org/tags/orange/</link>
    <description>Recent content in orange on Signal Flags</description>
    <generator>Hugo -- gohugo.io</generator>
    <language>en-gb</language><atom:link href="https://signalflags.org/tags/orange/index.xml" rel="self" type="application/rss+xml" />
    <item>
      <title>Orange flag</title>
      <link>https://signalflags.org/flags/orange/</link>
      <pubDate>Mon, 01 Jan 0001 00:00:00 +0000</pubDate>
      
      <guid>https://signalflags.org/flags/orange/</guid>
      <description></description>
    </item>
    
  </channel>
</rss>
