{
  "id": "sf-rectangle-no-outline",
  "meta": {
    "homepage": "https://signalflags.org/",
    "version": "3.0.0",
    "license": {
      "spdx": "Unlicense",
      "link": "https://unlicense.org/"
    },
    "generated": {
      "date": "2021-03-30",
      "link": "https://www.npmjs.com/package/signal-flags",
      "version": "2.4.0"
    },
    "options": {
      "type": "flag",
      "outline": false
    }
  },
  "svg": {
    "a": "<svg viewBox=\"0 0 240 180\">\n<path fill=\"#f5f5f5\" d=\"M0,0H120V180H0Z\"/>\n<path fill=\"#005eb8\" d=\"M120,0H240L180,90L240,180H120Z\"/>\n</svg>",
    "b": "<svg viewBox=\"0 0 240 180\">\n<path fill=\"#c8102e\" d=\"M0,0H240L180,90L240,180H0Z\"/>\n</svg>",
    "c": "<svg viewBox=\"0 0 240 180\">\n<path fill=\"#005eb8\" d=\"M0,0H240V36H0Z\"/>\n<path fill=\"#f5f5f5\" d=\"M0,36H240V72H0Z\"/>\n<path fill=\"#c8102e\" d=\"M0,72H240V108H0Z\"/>\n<path fill=\"#f5f5f5\" d=\"M0,108H240V144H0Z\"/>\n<path fill=\"#005eb8\" d=\"M0,144H240V180H0Z\"/>\n</svg>",
    "d": "<svg viewBox=\"0 0 240 180\">\n<path fill=\"#ffd100\" d=\"M0,0H240V36H0Z\"/>\n<path fill=\"#005eb8\" d=\"M0,36H240V144H0Z\"/>\n<path fill=\"#ffd100\" d=\"M0,144H240V180H0Z\"/>\n</svg>",
    "e": "<svg viewBox=\"0 0 240 180\">\n<path fill=\"#005eb8\" d=\"M0,0H240V90H0Z\"/>\n<path fill=\"#c8102e\" d=\"M0,90H240V180H0Z\"/>\n</svg>",
    "f": "<svg viewBox=\"0 0 240 180\">\n<path fill=\"#f5f5f5\" d=\"M0,0H240V180H0ZM120,0L0,90L120,180L240,90L120,0\"/>\n<path fill=\"#c8102e\" d=\"M120,0L0,90L120,180L240,90Z\"/>\n</svg>",
    "g": "<svg viewBox=\"0 0 240 180\">\n<path fill=\"#ffd100\" d=\"M0,0H40V180H0Z\"/>\n<path fill=\"#005eb8\" d=\"M40,0H80V180H40Z\"/>\n<path fill=\"#ffd100\" d=\"M80,0H120V180H80Z\"/>\n<path fill=\"#005eb8\" d=\"M120,0H160V180H120Z\"/>\n<path fill=\"#ffd100\" d=\"M160,0H200V180H160Z\"/>\n<path fill=\"#005eb8\" d=\"M200,0H240V180H200Z\"/>\n</svg>",
    "h": "<svg viewBox=\"0 0 240 180\">\n<path fill=\"#f5f5f5\" d=\"M0,0H120V180H0Z\"/>\n<path fill=\"#c8102e\" d=\"M120,0H240V180H120Z\"/>\n</svg>",
    "i": "<svg viewBox=\"0 0 240 180\">\n<path fill=\"#ffd100\" d=\"M0,0H240V180H0ZM120,36A54,54 0 0 0 66,90A54,54 0 1 0 120,36\"/>\n<circle fill=\"#2d2926\" cx=\"120\" cy=\"90\" r=\"54\"/>\n</svg>",
    "j": "<svg viewBox=\"0 0 240 180\">\n<path fill=\"#005eb8\" d=\"M0,0H240V60H0Z\"/>\n<path fill=\"#f5f5f5\" d=\"M0,60H240V120H0Z\"/>\n<path fill=\"#005eb8\" d=\"M0,120H240V180H0Z\"/>\n</svg>",
    "k": "<svg viewBox=\"0 0 240 180\">\n<path fill=\"#ffd100\" d=\"M0,0H120V180H0Z\"/>\n<path fill=\"#005eb8\" d=\"M120,0H240V180H120Z\"/>\n</svg>",
    "l": "<svg viewBox=\"0 0 240 180\">\n<path fill=\"#ffd100\" d=\"M0,0H120V180H240V90H0V0\"/>\n<path fill=\"#2d2926\" d=\"M240,0H120V180H0V90H240V0\"/>\n</svg>",
    "m": "<svg viewBox=\"0 0 240 180\">\n<path fill=\"#f5f5f5\" d=\"M0,0H30L240,157.5V180H210L0,22.5ZM210,0H240V22.5L30,180H0V157.5Z\"/>\n<path fill=\"#005eb8\" d=\"M30,0H210L120,67.5ZM240,22.5V157.5L150,90ZM30,180H210L120,112.5ZM0,22.5V157.5L90,90Z\"/>\n</svg>",
    "n": "<svg viewBox=\"0 0 240 180\">\n<path fill=\"#005eb8\" d=\"M0,0H60V180H120V0H180V180H240V135H0V90H240V45H0V0\"/>\n<path fill=\"#f5f5f5\" d=\"M240,0H180V180H120V0H60V180H0V45H240V90H0V135H240V0\"/>\n</svg>",
    "o": "<svg viewBox=\"0 0 240 180\">\n<path fill=\"#c8102e\" d=\"M0,0L240,180V0Z\"/>\n<path fill=\"#ffd100\" d=\"M0,0L240,180H0Z\"/>\n</svg>",
    "p": "<svg viewBox=\"0 0 240 180\">\n<path fill=\"#005eb8\" d=\"M0,0H240V180H0ZM60,45V135H180V45Z\"/>\n<path fill=\"#f5f5f5\" d=\"M60,45H180V135H60Z\"/>\n</svg>",
    "q": "<svg viewBox=\"0 0 240 180\">\n<path fill=\"#ffd100\" d=\"M0,0H240V180H0Z\"/>\n</svg>",
    "r": "<svg viewBox=\"0 0 240 180\">\n<path fill=\"#ffd100\" d=\"M102,0H138V180H102ZM0,72H240V108H0Z\"/>\n<path fill=\"#c8102e\" d=\"M0,0H102V72H0ZM138,0H240V72H138ZM0,108H102V180H0ZM138,108H240V180H138Z\"/>\n</svg>",
    "s": "<svg viewBox=\"0 0 240 180\">\n<path fill=\"#f5f5f5\" d=\"M0,0H240V180H0ZM60,45V135H180V45Z\"/>\n<path fill=\"#005eb8\" d=\"M60,45H180V135H60Z\"/>\n</svg>",
    "t": "<svg viewBox=\"0 0 240 180\">\n<path fill=\"#c8102e\" d=\"M0,0H80V180H0Z\"/>\n<path fill=\"#f5f5f5\" d=\"M80,0H160V180H80Z\"/>\n<path fill=\"#005eb8\" d=\"M160,0H240V180H160Z\"/>\n</svg>",
    "u": "<svg viewBox=\"0 0 240 180\">\n<path fill=\"#c8102e\" d=\"M0,0H120V180H240V90H0V0\"/>\n<path fill=\"#f5f5f5\" d=\"M240,0H120V180H0V90H240V0\"/>\n</svg>",
    "v": "<svg viewBox=\"0 0 240 180\">\n<path fill=\"#c8102e\" d=\"M0,0H30L240,157.5V180H210L0,22.5ZM210,0H240V22.5L30,180H0V157.5Z\"/>\n<path fill=\"#f5f5f5\" d=\"M30,0H210L120,67.5ZM240,22.5V157.5L150,90ZM30,180H210L120,112.5ZM0,22.5V157.5L90,90Z\"/>\n</svg>",
    "w": "<svg viewBox=\"0 0 240 180\">\n<path fill=\"#005eb8\" d=\"M0,0H240V180H0ZM40,30V150H200V30Z\"/>\n<path fill=\"#f5f5f5\" d=\"M40,30H200V150H40ZM80,60V120H160V60Z\"/>\n<path fill=\"#c8102e\" d=\"M80,60H160V120H80Z\"/>\n</svg>",
    "x": "<svg viewBox=\"0 0 240 180\">\n<path fill=\"#005eb8\" d=\"M102,0H138V180H102ZM0,72H240V108H0Z\"/>\n<path fill=\"#f5f5f5\" d=\"M0,0H102V72H0ZM138,0H240V72H138ZM0,108H102V180H0ZM138,108H240V180H138Z\"/>\n</svg>",
    "y": "<svg viewBox=\"0 0 240 180\">\n<path fill=\"#ffd100\" d=\"M0,0H48L0,36Z\"/>\n<path fill=\"#c8102e\" d=\"M48,0H96L0,72V36Z\"/>\n<path fill=\"#ffd100\" d=\"M96,0H144L0,108V72Z\"/>\n<path fill=\"#c8102e\" d=\"M144,0H192L0,144V108Z\"/>\n<path fill=\"#ffd100\" d=\"M192,0H240L0,180V144Z\"/>\n<path fill=\"#c8102e\" d=\"M240,0V36L48,180H0Z\"/>\n<path fill=\"#ffd100\" d=\"M240,36V72L96,180H48Z\"/>\n<path fill=\"#c8102e\" d=\"M240,72V108L144,180H96Z\"/>\n<path fill=\"#ffd100\" d=\"M240,108V144L192,180H144Z\"/>\n<path fill=\"#c8102e\" d=\"M240,144V180H192Z\"/>\n</svg>",
    "z": "<svg viewBox=\"0 0 240 180\">\n<path fill=\"#ffd100\" d=\"M120,90L0,0H240Z\"/>\n<path fill=\"#005eb8\" d=\"M120,90L240,0V180Z\"/>\n<path fill=\"#c8102e\" d=\"M120,90L240,180H0Z\"/>\n<path fill=\"#2d2926\" d=\"M120,90L0,180V0Z\"/>\n</svg>",
    "black": "<svg viewBox=\"0 0 240 180\">\n<path fill=\"#2d2926\" d=\"M0,0H240V180H0Z\"/>\n</svg>",
    "blackwhite": "<svg viewBox=\"0 0 240 180\">\n<path fill=\"#2d2926\" d=\"M0,0H120V180H240V90H0V0\"/>\n<path fill=\"#f5f5f5\" d=\"M240,0H120V180H0V90H240V0\"/>\n</svg>",
    "blue": "<svg viewBox=\"0 0 240 180\">\n<path fill=\"#005eb8\" d=\"M0,0H240V180H0Z\"/>\n</svg>",
    "decrease": "<svg viewBox=\"0 0 240 180\">\n<path fill=\"#f5f5f5\" d=\"M0,0H240V180H0ZM75,81V99H165V81Z\"/>\n<path fill=\"#2d2926\" d=\"M75,81H165V99H75Z\"/>\n</svg>",
    "green": "<svg viewBox=\"0 0 240 180\">\n<path fill=\"#00965e\" d=\"M0,0H240V180H0Z\"/>\n</svg>",
    "greenwhite": "<svg viewBox=\"0 0 240 180\">\n<path fill=\"#00965e\" d=\"M0,0H60V180H120V0H180V180H240V135H0V90H240V45H0V0\"/>\n<path fill=\"#f5f5f5\" d=\"M240,0H180V180H120V0H60V180H0V45H240V90H0V135H240V0\"/>\n</svg>",
    "increase": "<svg viewBox=\"0 0 240 180\">\n<path fill=\"#f5f5f5\" d=\"M0,0H240V180H0ZM111,45V81H75V99H111V135H129V99H165V81H129V45Z\"/>\n<path fill=\"#2d2926\" d=\"M111,45H129V81H165V99H129V135H111V99H75V81H111Z\"/>\n</svg>",
    "orange": "<svg viewBox=\"0 0 240 180\">\n<path fill=\"#e37017\" d=\"M0,0H240V180H0Z\"/>\n</svg>",
    "red": "<svg viewBox=\"0 0 240 180\">\n<path fill=\"#c8102e\" d=\"M0,0H240V180H0Z\"/>\n</svg>",
    "toport": "<svg viewBox=\"0 0 240 180\">\n<path fill=\"#f5f5f5\" d=\"M0,0H240V180H0ZM75,30V150H165V30Z\"/>\n<path fill=\"#c8102e\" d=\"M75,30H165V150H75Z\"/>\n</svg>",
    "tostarboard": "<svg viewBox=\"0 0 240 180\">\n<path fill=\"#f5f5f5\" d=\"M0,0H240V180H0ZM120,30L75,150H165Z\"/>\n<path fill=\"#00965e\" d=\"M120,30L165,150H75Z\"/>\n</svg>",
    "yellow": "<svg viewBox=\"0 0 240 180\">\n<path fill=\"#ffd100\" d=\"M0,0H240V180H0Z\"/>\n</svg>"
  }
}
