<?xml version="1.0" encoding="utf-8" standalone="yes"?>
<rss version="2.0" xmlns:atom="http://www.w3.org/2005/Atom">
  <channel>
    <title>triangle on Signal Flags</title>
    <link>https://signalflags.org/tags/triangle/</link>
    <description>Recent content in triangle on Signal Flags</description>
    <generator>Hugo -- gohugo.io</generator>
    <language>en-gb</language><atom:link href="https://signalflags.org/tags/triangle/index.xml" rel="self" type="application/rss+xml" />
    <item>
      <title>First substitute</title>
      <link>https://signalflags.org/flags/s1/</link>
      <pubDate>Mon, 01 Jan 0001 00:00:00 +0000</pubDate>
      
      <guid>https://signalflags.org/flags/s1/</guid>
      <description></description>
    </item>
    
    <item>
      <title>Fourth substitute</title>
      <link>https://signalflags.org/flags/s4/</link>
      <pubDate>Mon, 01 Jan 0001 00:00:00 +0000</pubDate>
      
      <guid>https://signalflags.org/flags/s4/</guid>
      <description></description>
    </item>
    
    <item>
      <title>Second substitute</title>
      <link>https://signalflags.org/flags/s2/</link>
      <pubDate>Mon, 01 Jan 0001 00:00:00 +0000</pubDate>
      
      <guid>https://signalflags.org/flags/s2/</guid>
      <description></description>
    </item>
    
    <item>
      <title>Third substitute</title>
      <link>https://signalflags.org/flags/s3/</link>
      <pubDate>Mon, 01 Jan 0001 00:00:00 +0000</pubDate>
      
      <guid>https://signalflags.org/flags/s3/</guid>
      <description></description>
    </item>
    
  </channel>
</rss>
