<?xml version="1.0" encoding="utf-8" standalone="yes"?>
<rss version="2.0" xmlns:atom="http://www.w3.org/2005/Atom">
  <channel>
    <title>Signal Flags</title>
    <link>https://signalflags.org/</link>
    <description>Recent content on Signal Flags</description>
    <generator>Hugo -- gohugo.io</generator>
    <language>en-gb</language><atom:link href="https://signalflags.org/index.xml" rel="self" type="application/rss+xml" />
    <item>
      <title>About signalflags.org</title>
      <link>https://signalflags.org/about/</link>
      <pubDate>Mon, 01 Jan 0001 00:00:00 +0000</pubDate>
      
      <guid>https://signalflags.org/about/</guid>
      <description>signalflags.org is an open source project and all our images and software are provided &amp;ldquo;as is&amp;rdquo;. If you have any suggestions for improvement, please see our project issues page     on GitHub.
 signalflags.org images (the &amp;ldquo;Software&amp;rdquo;) are free and unencumbered software released into the public domain. For more information, please refer to https://unlicense.org/     .
This website is copyright signalflags.org 2021 and is published under a Creative Commons Attribution 4.</description>
    </item>
    
    <item>
      <title>Alphabet flag A</title>
      <link>https://signalflags.org/flags/a/</link>
      <pubDate>Mon, 01 Jan 0001 00:00:00 +0000</pubDate>
      
      <guid>https://signalflags.org/flags/a/</guid>
      <description></description>
    </item>
    
    <item>
      <title>Alphabet flag B</title>
      <link>https://signalflags.org/flags/b/</link>
      <pubDate>Mon, 01 Jan 0001 00:00:00 +0000</pubDate>
      
      <guid>https://signalflags.org/flags/b/</guid>
      <description></description>
    </item>
    
    <item>
      <title>Alphabet flag C</title>
      <link>https://signalflags.org/flags/c/</link>
      <pubDate>Mon, 01 Jan 0001 00:00:00 +0000</pubDate>
      
      <guid>https://signalflags.org/flags/c/</guid>
      <description></description>
    </item>
    
    <item>
      <title>Alphabet flag D</title>
      <link>https://signalflags.org/flags/d/</link>
      <pubDate>Mon, 01 Jan 0001 00:00:00 +0000</pubDate>
      
      <guid>https://signalflags.org/flags/d/</guid>
      <description></description>
    </item>
    
    <item>
      <title>Alphabet flag E</title>
      <link>https://signalflags.org/flags/e/</link>
      <pubDate>Mon, 01 Jan 0001 00:00:00 +0000</pubDate>
      
      <guid>https://signalflags.org/flags/e/</guid>
      <description></description>
    </item>
    
    <item>
      <title>Alphabet flag F</title>
      <link>https://signalflags.org/flags/f/</link>
      <pubDate>Mon, 01 Jan 0001 00:00:00 +0000</pubDate>
      
      <guid>https://signalflags.org/flags/f/</guid>
      <description></description>
    </item>
    
    <item>
      <title>Alphabet flag G</title>
      <link>https://signalflags.org/flags/g/</link>
      <pubDate>Mon, 01 Jan 0001 00:00:00 +0000</pubDate>
      
      <guid>https://signalflags.org/flags/g/</guid>
      <description></description>
    </item>
    
    <item>
      <title>Alphabet flag H</title>
      <link>https://signalflags.org/flags/h/</link>
      <pubDate>Mon, 01 Jan 0001 00:00:00 +0000</pubDate>
      
      <guid>https://signalflags.org/flags/h/</guid>
      <description></description>
    </item>
    
    <item>
      <title>Alphabet flag I</title>
      <link>https://signalflags.org/flags/i/</link>
      <pubDate>Mon, 01 Jan 0001 00:00:00 +0000</pubDate>
      
      <guid>https://signalflags.org/flags/i/</guid>
      <description></description>
    </item>
    
    <item>
      <title>Alphabet flag J</title>
      <link>https://signalflags.org/flags/j/</link>
      <pubDate>Mon, 01 Jan 0001 00:00:00 +0000</pubDate>
      
      <guid>https://signalflags.org/flags/j/</guid>
      <description></description>
    </item>
    
    <item>
      <title>Alphabet flag K</title>
      <link>https://signalflags.org/flags/k/</link>
      <pubDate>Mon, 01 Jan 0001 00:00:00 +0000</pubDate>
      
      <guid>https://signalflags.org/flags/k/</guid>
      <description></description>
    </item>
    
    <item>
      <title>Alphabet flag L</title>
      <link>https://signalflags.org/flags/l/</link>
      <pubDate>Mon, 01 Jan 0001 00:00:00 +0000</pubDate>
      
      <guid>https://signalflags.org/flags/l/</guid>
      <description></description>
    </item>
    
    <item>
      <title>Alphabet flag M</title>
      <link>https://signalflags.org/flags/m/</link>
      <pubDate>Mon, 01 Jan 0001 00:00:00 +0000</pubDate>
      
      <guid>https://signalflags.org/flags/m/</guid>
      <description></description>
    </item>
    
    <item>
      <title>Alphabet flag N</title>
      <link>https://signalflags.org/flags/n/</link>
      <pubDate>Mon, 01 Jan 0001 00:00:00 +0000</pubDate>
      
      <guid>https://signalflags.org/flags/n/</guid>
      <description></description>
    </item>
    
    <item>
      <title>Alphabet flag O</title>
      <link>https://signalflags.org/flags/o/</link>
      <pubDate>Mon, 01 Jan 0001 00:00:00 +0000</pubDate>
      
      <guid>https://signalflags.org/flags/o/</guid>
      <description></description>
    </item>
    
    <item>
      <title>Alphabet flag P</title>
      <link>https://signalflags.org/flags/p/</link>
      <pubDate>Mon, 01 Jan 0001 00:00:00 +0000</pubDate>
      
      <guid>https://signalflags.org/flags/p/</guid>
      <description></description>
    </item>
    
    <item>
      <title>Alphabet flag Q</title>
      <link>https://signalflags.org/flags/q/</link>
      <pubDate>Mon, 01 Jan 0001 00:00:00 +0000</pubDate>
      
      <guid>https://signalflags.org/flags/q/</guid>
      <description></description>
    </item>
    
    <item>
      <title>Alphabet flag R</title>
      <link>https://signalflags.org/flags/r/</link>
      <pubDate>Mon, 01 Jan 0001 00:00:00 +0000</pubDate>
      
      <guid>https://signalflags.org/flags/r/</guid>
      <description></description>
    </item>
    
    <item>
      <title>Alphabet flag S</title>
      <link>https://signalflags.org/flags/s/</link>
      <pubDate>Mon, 01 Jan 0001 00:00:00 +0000</pubDate>
      
      <guid>https://signalflags.org/flags/s/</guid>
      <description></description>
    </item>
    
    <item>
      <title>Alphabet flag T</title>
      <link>https://signalflags.org/flags/t/</link>
      <pubDate>Mon, 01 Jan 0001 00:00:00 +0000</pubDate>
      
      <guid>https://signalflags.org/flags/t/</guid>
      <description></description>
    </item>
    
    <item>
      <title>Alphabet flag U</title>
      <link>https://signalflags.org/flags/u/</link>
      <pubDate>Mon, 01 Jan 0001 00:00:00 +0000</pubDate>
      
      <guid>https://signalflags.org/flags/u/</guid>
      <description></description>
    </item>
    
    <item>
      <title>Alphabet flag V</title>
      <link>https://signalflags.org/flags/v/</link>
      <pubDate>Mon, 01 Jan 0001 00:00:00 +0000</pubDate>
      
      <guid>https://signalflags.org/flags/v/</guid>
      <description></description>
    </item>
    
    <item>
      <title>Alphabet flag W</title>
      <link>https://signalflags.org/flags/w/</link>
      <pubDate>Mon, 01 Jan 0001 00:00:00 +0000</pubDate>
      
      <guid>https://signalflags.org/flags/w/</guid>
      <description></description>
    </item>
    
    <item>
      <title>Alphabet flag X</title>
      <link>https://signalflags.org/flags/x/</link>
      <pubDate>Mon, 01 Jan 0001 00:00:00 +0000</pubDate>
      
      <guid>https://signalflags.org/flags/x/</guid>
      <description></description>
    </item>
    
    <item>
      <title>Alphabet flag Y</title>
      <link>https://signalflags.org/flags/y/</link>
      <pubDate>Mon, 01 Jan 0001 00:00:00 +0000</pubDate>
      
      <guid>https://signalflags.org/flags/y/</guid>
      <description></description>
    </item>
    
    <item>
      <title>Alphabet flag Z</title>
      <link>https://signalflags.org/flags/z/</link>
      <pubDate>Mon, 01 Jan 0001 00:00:00 +0000</pubDate>
      
      <guid>https://signalflags.org/flags/z/</guid>
      <description></description>
    </item>
    
    <item>
      <title>Answering Pennant</title>
      <link>https://signalflags.org/flags/ap/</link>
      <pubDate>Mon, 01 Jan 0001 00:00:00 +0000</pubDate>
      
      <guid>https://signalflags.org/flags/ap/</guid>
      <description></description>
    </item>
    
    <item>
      <title>Black and white flag</title>
      <link>https://signalflags.org/flags/blackwhite/</link>
      <pubDate>Mon, 01 Jan 0001 00:00:00 +0000</pubDate>
      
      <guid>https://signalflags.org/flags/blackwhite/</guid>
      <description></description>
    </item>
    
    <item>
      <title>Black flag</title>
      <link>https://signalflags.org/flags/black/</link>
      <pubDate>Mon, 01 Jan 0001 00:00:00 +0000</pubDate>
      
      <guid>https://signalflags.org/flags/black/</guid>
      <description></description>
    </item>
    
    <item>
      <title>Blue flag</title>
      <link>https://signalflags.org/flags/blue/</link>
      <pubDate>Mon, 01 Jan 0001 00:00:00 +0000</pubDate>
      
      <guid>https://signalflags.org/flags/blue/</guid>
      <description></description>
    </item>
    
    <item>
      <title>Colours</title>
      <link>https://signalflags.org/colours/</link>
      <pubDate>Mon, 01 Jan 0001 00:00:00 +0000</pubDate>
      
      <guid>https://signalflags.org/colours/</guid>
      <description>About colours</description>
    </item>
    
    <item>
      <title>Decrease distance flag</title>
      <link>https://signalflags.org/flags/decrease/</link>
      <pubDate>Mon, 01 Jan 0001 00:00:00 +0000</pubDate>
      
      <guid>https://signalflags.org/flags/decrease/</guid>
      <description></description>
    </item>
    
    <item>
      <title>Download</title>
      <link>https://signalflags.org/download/</link>
      <pubDate>Mon, 01 Jan 0001 00:00:00 +0000</pubDate>
      
      <guid>https://signalflags.org/download/</guid>
      <description>Download a zip file containing all our designs here: version 3.0.0.
Extract the image files Software to extract zip archives is built in to many operating systems including Windows, MacOS, and most flavours of Linux.
Locate the images you want Images are stored in folders according to their &amp;lsquo;type&amp;rsquo; (flag, pennant or triangle) and design as in the table below.
For example the Answering Pennant in the standard 3:1 aspect ratio with a border like this: is located at sf-pennant-outline/ap.</description>
    </item>
    
    <item>
      <title>First substitute</title>
      <link>https://signalflags.org/flags/s1/</link>
      <pubDate>Mon, 01 Jan 0001 00:00:00 +0000</pubDate>
      
      <guid>https://signalflags.org/flags/s1/</guid>
      <description></description>
    </item>
    
    <item>
      <title>Fourth substitute</title>
      <link>https://signalflags.org/flags/s4/</link>
      <pubDate>Mon, 01 Jan 0001 00:00:00 +0000</pubDate>
      
      <guid>https://signalflags.org/flags/s4/</guid>
      <description></description>
    </item>
    
    <item>
      <title>Green and white flag</title>
      <link>https://signalflags.org/flags/greenwhite/</link>
      <pubDate>Mon, 01 Jan 0001 00:00:00 +0000</pubDate>
      
      <guid>https://signalflags.org/flags/greenwhite/</guid>
      <description></description>
    </item>
    
    <item>
      <title>Green flag</title>
      <link>https://signalflags.org/flags/green/</link>
      <pubDate>Mon, 01 Jan 0001 00:00:00 +0000</pubDate>
      
      <guid>https://signalflags.org/flags/green/</guid>
      <description></description>
    </item>
    
    <item>
      <title>Help</title>
      <link>https://signalflags.org/help/</link>
      <pubDate>Mon, 01 Jan 0001 00:00:00 +0000</pubDate>
      
      <guid>https://signalflags.org/help/</guid>
      <description>signalflags.org is an open source project and all our images and software are provided &amp;ldquo;as is&amp;rdquo;. If you have any suggestions for improvement, please see our project issues page     on GitHub.
 </description>
    </item>
    
    <item>
      <title>Increase distance flag</title>
      <link>https://signalflags.org/flags/increase/</link>
      <pubDate>Mon, 01 Jan 0001 00:00:00 +0000</pubDate>
      
      <guid>https://signalflags.org/flags/increase/</guid>
      <description></description>
    </item>
    
    <item>
      <title>Moved to port flag</title>
      <link>https://signalflags.org/flags/toport/</link>
      <pubDate>Mon, 01 Jan 0001 00:00:00 +0000</pubDate>
      
      <guid>https://signalflags.org/flags/toport/</guid>
      <description></description>
    </item>
    
    <item>
      <title>Moved to starboard flag</title>
      <link>https://signalflags.org/flags/tostarboard/</link>
      <pubDate>Mon, 01 Jan 0001 00:00:00 +0000</pubDate>
      
      <guid>https://signalflags.org/flags/tostarboard/</guid>
      <description></description>
    </item>
    
    <item>
      <title>Numeral 0</title>
      <link>https://signalflags.org/flags/n0/</link>
      <pubDate>Mon, 01 Jan 0001 00:00:00 +0000</pubDate>
      
      <guid>https://signalflags.org/flags/n0/</guid>
      <description></description>
    </item>
    
    <item>
      <title>Numeral 1</title>
      <link>https://signalflags.org/flags/n1/</link>
      <pubDate>Mon, 01 Jan 0001 00:00:00 +0000</pubDate>
      
      <guid>https://signalflags.org/flags/n1/</guid>
      <description></description>
    </item>
    
    <item>
      <title>Numeral 2</title>
      <link>https://signalflags.org/flags/n2/</link>
      <pubDate>Mon, 01 Jan 0001 00:00:00 +0000</pubDate>
      
      <guid>https://signalflags.org/flags/n2/</guid>
      <description></description>
    </item>
    
    <item>
      <title>Numeral 3</title>
      <link>https://signalflags.org/flags/n3/</link>
      <pubDate>Mon, 01 Jan 0001 00:00:00 +0000</pubDate>
      
      <guid>https://signalflags.org/flags/n3/</guid>
      <description></description>
    </item>
    
    <item>
      <title>Numeral 4</title>
      <link>https://signalflags.org/flags/n4/</link>
      <pubDate>Mon, 01 Jan 0001 00:00:00 +0000</pubDate>
      
      <guid>https://signalflags.org/flags/n4/</guid>
      <description></description>
    </item>
    
    <item>
      <title>Numeral 5</title>
      <link>https://signalflags.org/flags/n5/</link>
      <pubDate>Mon, 01 Jan 0001 00:00:00 +0000</pubDate>
      
      <guid>https://signalflags.org/flags/n5/</guid>
      <description></description>
    </item>
    
    <item>
      <title>Numeral 6</title>
      <link>https://signalflags.org/flags/n6/</link>
      <pubDate>Mon, 01 Jan 0001 00:00:00 +0000</pubDate>
      
      <guid>https://signalflags.org/flags/n6/</guid>
      <description></description>
    </item>
    
    <item>
      <title>Numeral 7</title>
      <link>https://signalflags.org/flags/n7/</link>
      <pubDate>Mon, 01 Jan 0001 00:00:00 +0000</pubDate>
      
      <guid>https://signalflags.org/flags/n7/</guid>
      <description></description>
    </item>
    
    <item>
      <title>Numeral 8</title>
      <link>https://signalflags.org/flags/n8/</link>
      <pubDate>Mon, 01 Jan 0001 00:00:00 +0000</pubDate>
      
      <guid>https://signalflags.org/flags/n8/</guid>
      <description></description>
    </item>
    
    <item>
      <title>Numeral 9</title>
      <link>https://signalflags.org/flags/n9/</link>
      <pubDate>Mon, 01 Jan 0001 00:00:00 +0000</pubDate>
      
      <guid>https://signalflags.org/flags/n9/</guid>
      <description></description>
    </item>
    
    <item>
      <title>Orange flag</title>
      <link>https://signalflags.org/flags/orange/</link>
      <pubDate>Mon, 01 Jan 0001 00:00:00 +0000</pubDate>
      
      <guid>https://signalflags.org/flags/orange/</guid>
      <description></description>
    </item>
    
    <item>
      <title>Red flag</title>
      <link>https://signalflags.org/flags/red/</link>
      <pubDate>Mon, 01 Jan 0001 00:00:00 +0000</pubDate>
      
      <guid>https://signalflags.org/flags/red/</guid>
      <description></description>
    </item>
    
    <item>
      <title>Second substitute</title>
      <link>https://signalflags.org/flags/s2/</link>
      <pubDate>Mon, 01 Jan 0001 00:00:00 +0000</pubDate>
      
      <guid>https://signalflags.org/flags/s2/</guid>
      <description></description>
    </item>
    
    <item>
      <title>Third substitute</title>
      <link>https://signalflags.org/flags/s3/</link>
      <pubDate>Mon, 01 Jan 0001 00:00:00 +0000</pubDate>
      
      <guid>https://signalflags.org/flags/s3/</guid>
      <description></description>
    </item>
    
    <item>
      <title>Yellow flag</title>
      <link>https://signalflags.org/flags/yellow/</link>
      <pubDate>Mon, 01 Jan 0001 00:00:00 +0000</pubDate>
      
      <guid>https://signalflags.org/flags/yellow/</guid>
      <description></description>
    </item>
    
  </channel>
</rss>
