<?xml version="1.0" encoding="utf-8" standalone="yes"?>
<rss version="2.0" xmlns:atom="http://www.w3.org/2005/Atom">
  <channel>
    <title>Categories on Signal Flags</title>
    <link>https://signalflags.org/categories/</link>
    <description>Recent content in Categories on Signal Flags</description>
    <generator>Hugo -- gohugo.io</generator>
    <language>en-gb</language><atom:link href="https://signalflags.org/categories/index.xml" rel="self" type="application/rss+xml" />
    <item>
      <title>design</title>
      <link>https://signalflags.org/categories/design/</link>
      <pubDate>Mon, 01 Jan 0001 00:00:00 +0000</pubDate>
      
      <guid>https://signalflags.org/categories/design/</guid>
      <description></description>
    </item>
    
    <item>
      <title>info</title>
      <link>https://signalflags.org/categories/info/</link>
      <pubDate>Mon, 01 Jan 0001 00:00:00 +0000</pubDate>
      
      <guid>https://signalflags.org/categories/info/</guid>
      <description></description>
    </item>
    
  </channel>
</rss>
