<?xml version="1.0" encoding="utf-8" standalone="yes"?>
<rss version="2.0" xmlns:atom="http://www.w3.org/2005/Atom">
  <channel>
    <title>numeral on Signal Flags</title>
    <link>https://signalflags.org/tags/numeral/</link>
    <description>Recent content in numeral on Signal Flags</description>
    <generator>Hugo -- gohugo.io</generator>
    <language>en-gb</language><atom:link href="https://signalflags.org/tags/numeral/index.xml" rel="self" type="application/rss+xml" />
    <item>
      <title>Numeral 0</title>
      <link>https://signalflags.org/flags/n0/</link>
      <pubDate>Mon, 01 Jan 0001 00:00:00 +0000</pubDate>
      
      <guid>https://signalflags.org/flags/n0/</guid>
      <description></description>
    </item>
    
    <item>
      <title>Numeral 1</title>
      <link>https://signalflags.org/flags/n1/</link>
      <pubDate>Mon, 01 Jan 0001 00:00:00 +0000</pubDate>
      
      <guid>https://signalflags.org/flags/n1/</guid>
      <description></description>
    </item>
    
    <item>
      <title>Numeral 2</title>
      <link>https://signalflags.org/flags/n2/</link>
      <pubDate>Mon, 01 Jan 0001 00:00:00 +0000</pubDate>
      
      <guid>https://signalflags.org/flags/n2/</guid>
      <description></description>
    </item>
    
    <item>
      <title>Numeral 3</title>
      <link>https://signalflags.org/flags/n3/</link>
      <pubDate>Mon, 01 Jan 0001 00:00:00 +0000</pubDate>
      
      <guid>https://signalflags.org/flags/n3/</guid>
      <description></description>
    </item>
    
    <item>
      <title>Numeral 4</title>
      <link>https://signalflags.org/flags/n4/</link>
      <pubDate>Mon, 01 Jan 0001 00:00:00 +0000</pubDate>
      
      <guid>https://signalflags.org/flags/n4/</guid>
      <description></description>
    </item>
    
    <item>
      <title>Numeral 5</title>
      <link>https://signalflags.org/flags/n5/</link>
      <pubDate>Mon, 01 Jan 0001 00:00:00 +0000</pubDate>
      
      <guid>https://signalflags.org/flags/n5/</guid>
      <description></description>
    </item>
    
    <item>
      <title>Numeral 6</title>
      <link>https://signalflags.org/flags/n6/</link>
      <pubDate>Mon, 01 Jan 0001 00:00:00 +0000</pubDate>
      
      <guid>https://signalflags.org/flags/n6/</guid>
      <description></description>
    </item>
    
    <item>
      <title>Numeral 7</title>
      <link>https://signalflags.org/flags/n7/</link>
      <pubDate>Mon, 01 Jan 0001 00:00:00 +0000</pubDate>
      
      <guid>https://signalflags.org/flags/n7/</guid>
      <description></description>
    </item>
    
    <item>
      <title>Numeral 8</title>
      <link>https://signalflags.org/flags/n8/</link>
      <pubDate>Mon, 01 Jan 0001 00:00:00 +0000</pubDate>
      
      <guid>https://signalflags.org/flags/n8/</guid>
      <description></description>
    </item>
    
    <item>
      <title>Numeral 9</title>
      <link>https://signalflags.org/flags/n9/</link>
      <pubDate>Mon, 01 Jan 0001 00:00:00 +0000</pubDate>
      
      <guid>https://signalflags.org/flags/n9/</guid>
      <description></description>
    </item>
    
  </channel>
</rss>
