<?xml version="1.0" encoding="utf-8" standalone="yes"?>
<rss version="2.0" xmlns:atom="http://www.w3.org/2005/Atom">
  <channel>
    <title>black on Signal Flags</title>
    <link>https://signalflags.org/tags/black/</link>
    <description>Recent content in black on Signal Flags</description>
    <generator>Hugo -- gohugo.io</generator>
    <language>en-gb</language><atom:link href="https://signalflags.org/tags/black/index.xml" rel="self" type="application/rss+xml" />
    <item>
      <title>Alphabet flag I</title>
      <link>https://signalflags.org/flags/i/</link>
      <pubDate>Mon, 01 Jan 0001 00:00:00 +0000</pubDate>
      
      <guid>https://signalflags.org/flags/i/</guid>
      <description></description>
    </item>
    
    <item>
      <title>Alphabet flag L</title>
      <link>https://signalflags.org/flags/l/</link>
      <pubDate>Mon, 01 Jan 0001 00:00:00 +0000</pubDate>
      
      <guid>https://signalflags.org/flags/l/</guid>
      <description></description>
    </item>
    
    <item>
      <title>Alphabet flag Z</title>
      <link>https://signalflags.org/flags/z/</link>
      <pubDate>Mon, 01 Jan 0001 00:00:00 +0000</pubDate>
      
      <guid>https://signalflags.org/flags/z/</guid>
      <description></description>
    </item>
    
    <item>
      <title>Black and white flag</title>
      <link>https://signalflags.org/flags/blackwhite/</link>
      <pubDate>Mon, 01 Jan 0001 00:00:00 +0000</pubDate>
      
      <guid>https://signalflags.org/flags/blackwhite/</guid>
      <description></description>
    </item>
    
    <item>
      <title>Black flag</title>
      <link>https://signalflags.org/flags/black/</link>
      <pubDate>Mon, 01 Jan 0001 00:00:00 +0000</pubDate>
      
      <guid>https://signalflags.org/flags/black/</guid>
      <description></description>
    </item>
    
    <item>
      <title>Decrease distance flag</title>
      <link>https://signalflags.org/flags/decrease/</link>
      <pubDate>Mon, 01 Jan 0001 00:00:00 +0000</pubDate>
      
      <guid>https://signalflags.org/flags/decrease/</guid>
      <description></description>
    </item>
    
    <item>
      <title>Increase distance flag</title>
      <link>https://signalflags.org/flags/increase/</link>
      <pubDate>Mon, 01 Jan 0001 00:00:00 +0000</pubDate>
      
      <guid>https://signalflags.org/flags/increase/</guid>
      <description></description>
    </item>
    
    <item>
      <title>Numeral 6</title>
      <link>https://signalflags.org/flags/n6/</link>
      <pubDate>Mon, 01 Jan 0001 00:00:00 +0000</pubDate>
      
      <guid>https://signalflags.org/flags/n6/</guid>
      <description></description>
    </item>
    
    <item>
      <title>Numeral 9</title>
      <link>https://signalflags.org/flags/n9/</link>
      <pubDate>Mon, 01 Jan 0001 00:00:00 +0000</pubDate>
      
      <guid>https://signalflags.org/flags/n9/</guid>
      <description></description>
    </item>
    
    <item>
      <title>Third substitute</title>
      <link>https://signalflags.org/flags/s3/</link>
      <pubDate>Mon, 01 Jan 0001 00:00:00 +0000</pubDate>
      
      <guid>https://signalflags.org/flags/s3/</guid>
      <description></description>
    </item>
    
  </channel>
</rss>
