{
  "id": "sf-square-outline",
  "meta": {
    "homepage": "https://signalflags.org/",
    "version": "3.0.0",
    "license": {
      "spdx": "Unlicense",
      "link": "https://unlicense.org/"
    },
    "generated": {
      "date": "2021-03-30",
      "link": "https://www.npmjs.com/package/signal-flags",
      "version": "2.4.0"
    },
    "options": {
      "type": "flag",
      "shape": "square"
    }
  },
  "svg": {
    "a": "<svg viewBox=\"0 0 180 180\">\n<path fill=\"#f5f5f5\" d=\"M0,0H90V180H0Z\"/>\n<path fill=\"#005eb8\" d=\"M90,0H180L135,90L180,180H90Z\"/>\n<path fill=\"none\" stroke=\"#000\" stroke-width=\"1\" d=\"M0.5,0.5H179.5L134.5,90L179.5,179.5H0.5Z\"/>\n</svg>",
    "b": "<svg viewBox=\"0 0 180 180\">\n<path fill=\"#c8102e\" d=\"M0,0H180L135,90L180,180H0Z\"/>\n<path fill=\"none\" stroke=\"#000\" stroke-width=\"1\" d=\"M0.5,0.5H179.5L134.5,90L179.5,179.5H0.5Z\"/>\n</svg>",
    "c": "<svg viewBox=\"0 0 180 180\">\n<path fill=\"#005eb8\" d=\"M0,0H180V36H0Z\"/>\n<path fill=\"#f5f5f5\" d=\"M0,36H180V72H0Z\"/>\n<path fill=\"#c8102e\" d=\"M0,72H180V108H0Z\"/>\n<path fill=\"#f5f5f5\" d=\"M0,108H180V144H0Z\"/>\n<path fill=\"#005eb8\" d=\"M0,144H180V180H0Z\"/>\n<path fill=\"none\" stroke=\"#000\" stroke-width=\"1\" d=\"M0.5,0.5H179.5V179.5H0.5Z\"/>\n</svg>",
    "d": "<svg viewBox=\"0 0 180 180\">\n<path fill=\"#ffd100\" d=\"M0,0H180V36H0Z\"/>\n<path fill=\"#005eb8\" d=\"M0,36H180V144H0Z\"/>\n<path fill=\"#ffd100\" d=\"M0,144H180V180H0Z\"/>\n<path fill=\"none\" stroke=\"#000\" stroke-width=\"1\" d=\"M0.5,0.5H179.5V179.5H0.5Z\"/>\n</svg>",
    "e": "<svg viewBox=\"0 0 180 180\">\n<path fill=\"#005eb8\" d=\"M0,0H180V90H0Z\"/>\n<path fill=\"#c8102e\" d=\"M0,90H180V180H0Z\"/>\n<path fill=\"none\" stroke=\"#000\" stroke-width=\"1\" d=\"M0.5,0.5H179.5V179.5H0.5Z\"/>\n</svg>",
    "f": "<svg viewBox=\"0 0 180 180\">\n<path fill=\"#f5f5f5\" d=\"M0,0H180V180H0ZM90,1L1,90L90,179L179,90L90,1\"/>\n<path fill=\"#c8102e\" d=\"M90,1L1,90L90,179L179,90Z\"/>\n<path fill=\"none\" stroke=\"#000\" stroke-width=\"1\" d=\"M0.5,0.5H179.5V179.5H0.5Z\"/>\n</svg>",
    "g": "<svg viewBox=\"0 0 180 180\">\n<path fill=\"#ffd100\" d=\"M0,0H30V180H0Z\"/>\n<path fill=\"#005eb8\" d=\"M30,0H60V180H30Z\"/>\n<path fill=\"#ffd100\" d=\"M60,0H90V180H60Z\"/>\n<path fill=\"#005eb8\" d=\"M90,0H120V180H90Z\"/>\n<path fill=\"#ffd100\" d=\"M120,0H150V180H120Z\"/>\n<path fill=\"#005eb8\" d=\"M150,0H180V180H150Z\"/>\n<path fill=\"none\" stroke=\"#000\" stroke-width=\"1\" d=\"M0.5,0.5H179.5V179.5H0.5Z\"/>\n</svg>",
    "h": "<svg viewBox=\"0 0 180 180\">\n<path fill=\"#f5f5f5\" d=\"M0,0H90V180H0Z\"/>\n<path fill=\"#c8102e\" d=\"M90,0H180V180H90Z\"/>\n<path fill=\"none\" stroke=\"#000\" stroke-width=\"1\" d=\"M0.5,0.5H179.5V179.5H0.5Z\"/>\n</svg>",
    "i": "<svg viewBox=\"0 0 180 180\">\n<path fill=\"#ffd100\" d=\"M0,0H180V180H0ZM90,54A36,36 0 0 0 54,90A36,36 0 1 0 90,54\"/>\n<circle fill=\"#2d2926\" cx=\"90\" cy=\"90\" r=\"36\"/>\n<path fill=\"none\" stroke=\"#000\" stroke-width=\"1\" d=\"M0.5,0.5H179.5V179.5H0.5Z\"/>\n</svg>",
    "j": "<svg viewBox=\"0 0 180 180\">\n<path fill=\"#005eb8\" d=\"M0,0H180V60H0Z\"/>\n<path fill=\"#f5f5f5\" d=\"M0,60H180V120H0Z\"/>\n<path fill=\"#005eb8\" d=\"M0,120H180V180H0Z\"/>\n<path fill=\"none\" stroke=\"#000\" stroke-width=\"1\" d=\"M0.5,0.5H179.5V179.5H0.5Z\"/>\n</svg>",
    "k": "<svg viewBox=\"0 0 180 180\">\n<path fill=\"#ffd100\" d=\"M0,0H90V180H0Z\"/>\n<path fill=\"#005eb8\" d=\"M90,0H180V180H90Z\"/>\n<path fill=\"none\" stroke=\"#000\" stroke-width=\"1\" d=\"M0.5,0.5H179.5V179.5H0.5Z\"/>\n</svg>",
    "l": "<svg viewBox=\"0 0 180 180\">\n<path fill=\"#ffd100\" d=\"M0,0H90V180H180V90H0V0\"/>\n<path fill=\"#2d2926\" d=\"M180,0H90V180H0V90H180V0\"/>\n<path fill=\"none\" stroke=\"#000\" stroke-width=\"1\" d=\"M0.5,0.5H179.5V179.5H0.5Z\"/>\n</svg>",
    "m": "<svg viewBox=\"0 0 180 180\">\n<path fill=\"#f5f5f5\" d=\"M0,0H22.5L180,157.5V180H157.5L0,22.5ZM157.5,0H180V22.5L22.5,180H0V157.5Z\"/>\n<path fill=\"#005eb8\" d=\"M22.5,0H157.5L90,67.5ZM180,22.5V157.5L112.5,90ZM22.5,180H157.5L90,112.5ZM0,22.5V157.5L67.5,90Z\"/>\n<path fill=\"none\" stroke=\"#000\" stroke-width=\"1\" d=\"M0.5,0.5H179.5V179.5H0.5Z\"/>\n</svg>",
    "n": "<svg viewBox=\"0 0 180 180\">\n<path fill=\"#005eb8\" d=\"M0,0H45V180H90V0H135V180H180V135H0V90H180V45H0V0\"/>\n<path fill=\"#f5f5f5\" d=\"M180,0H135V180H90V0H45V180H0V45H180V90H0V135H180V0\"/>\n<path fill=\"none\" stroke=\"#000\" stroke-width=\"1\" d=\"M0.5,0.5H179.5V179.5H0.5Z\"/>\n</svg>",
    "o": "<svg viewBox=\"0 0 180 180\">\n<path fill=\"#c8102e\" d=\"M0,0L180,180V0Z\"/>\n<path fill=\"#ffd100\" d=\"M0,0L180,180H0Z\"/>\n<path fill=\"none\" stroke=\"#000\" stroke-width=\"1\" d=\"M0.5,0.5H179.5V179.5H0.5Z\"/>\n</svg>",
    "p": "<svg viewBox=\"0 0 180 180\">\n<path fill=\"#005eb8\" d=\"M0,0H180V180H0ZM57.6,57.6V122.4H122.4V57.6Z\"/>\n<path fill=\"#f5f5f5\" d=\"M57.6,57.6H122.4V122.4H57.6Z\"/>\n<path fill=\"none\" stroke=\"#000\" stroke-width=\"1\" d=\"M0.5,0.5H179.5V179.5H0.5Z\"/>\n</svg>",
    "q": "<svg viewBox=\"0 0 180 180\">\n<path fill=\"#ffd100\" d=\"M0,0H180V180H0Z\"/>\n<path fill=\"none\" stroke=\"#000\" stroke-width=\"1\" d=\"M0.5,0.5H179.5V179.5H0.5Z\"/>\n</svg>",
    "r": "<svg viewBox=\"0 0 180 180\">\n<path fill=\"#ffd100\" d=\"M72,0H108V180H72ZM0,72H180V108H0Z\"/>\n<path fill=\"#c8102e\" d=\"M0,0H72V72H0ZM108,0H180V72H108ZM0,108H72V180H0ZM108,108H180V180H108Z\"/>\n<path fill=\"none\" stroke=\"#000\" stroke-width=\"1\" d=\"M0.5,0.5H179.5V179.5H0.5Z\"/>\n</svg>",
    "s": "<svg viewBox=\"0 0 180 180\">\n<path fill=\"#f5f5f5\" d=\"M0,0H180V180H0ZM57.6,57.6V122.4H122.4V57.6Z\"/>\n<path fill=\"#005eb8\" d=\"M57.6,57.6H122.4V122.4H57.6Z\"/>\n<path fill=\"none\" stroke=\"#000\" stroke-width=\"1\" d=\"M0.5,0.5H179.5V179.5H0.5Z\"/>\n</svg>",
    "t": "<svg viewBox=\"0 0 180 180\">\n<path fill=\"#c8102e\" d=\"M0,0H60V180H0Z\"/>\n<path fill=\"#f5f5f5\" d=\"M60,0H120V180H60Z\"/>\n<path fill=\"#005eb8\" d=\"M120,0H180V180H120Z\"/>\n<path fill=\"none\" stroke=\"#000\" stroke-width=\"1\" d=\"M0.5,0.5H179.5V179.5H0.5Z\"/>\n</svg>",
    "u": "<svg viewBox=\"0 0 180 180\">\n<path fill=\"#c8102e\" d=\"M0,0H90V180H180V90H0V0\"/>\n<path fill=\"#f5f5f5\" d=\"M180,0H90V180H0V90H180V0\"/>\n<path fill=\"none\" stroke=\"#000\" stroke-width=\"1\" d=\"M0.5,0.5H179.5V179.5H0.5Z\"/>\n</svg>",
    "v": "<svg viewBox=\"0 0 180 180\">\n<path fill=\"#c8102e\" d=\"M0,0H22.5L180,157.5V180H157.5L0,22.5ZM157.5,0H180V22.5L22.5,180H0V157.5Z\"/>\n<path fill=\"#f5f5f5\" d=\"M22.5,0H157.5L90,67.5ZM180,22.5V157.5L112.5,90ZM22.5,180H157.5L90,112.5ZM0,22.5V157.5L67.5,90Z\"/>\n<path fill=\"none\" stroke=\"#000\" stroke-width=\"1\" d=\"M0.5,0.5H179.5V179.5H0.5Z\"/>\n</svg>",
    "w": "<svg viewBox=\"0 0 180 180\">\n<path fill=\"#005eb8\" d=\"M0,0H180V180H0ZM30,30V150H150V30Z\"/>\n<path fill=\"#f5f5f5\" d=\"M30,30H150V150H30ZM60,60V120H120V60Z\"/>\n<path fill=\"#c8102e\" d=\"M60,60H120V120H60Z\"/>\n<path fill=\"none\" stroke=\"#000\" stroke-width=\"1\" d=\"M0.5,0.5H179.5V179.5H0.5Z\"/>\n</svg>",
    "x": "<svg viewBox=\"0 0 180 180\">\n<path fill=\"#005eb8\" d=\"M72,0H108V180H72ZM0,72H180V108H0Z\"/>\n<path fill=\"#f5f5f5\" d=\"M0,0H72V72H0ZM108,0H180V72H108ZM0,108H72V180H0ZM108,108H180V180H108Z\"/>\n<path fill=\"none\" stroke=\"#000\" stroke-width=\"1\" d=\"M0.5,0.5H179.5V179.5H0.5Z\"/>\n</svg>",
    "y": "<svg viewBox=\"0 0 180 180\">\n<path fill=\"#ffd100\" d=\"M0,0H36L0,36Z\"/>\n<path fill=\"#c8102e\" d=\"M36,0H72L0,72V36Z\"/>\n<path fill=\"#ffd100\" d=\"M72,0H108L0,108V72Z\"/>\n<path fill=\"#c8102e\" d=\"M108,0H144L0,144V108Z\"/>\n<path fill=\"#ffd100\" d=\"M144,0H180L0,180V144Z\"/>\n<path fill=\"#c8102e\" d=\"M180,0V36L36,180H0Z\"/>\n<path fill=\"#ffd100\" d=\"M180,36V72L72,180H36Z\"/>\n<path fill=\"#c8102e\" d=\"M180,72V108L108,180H72Z\"/>\n<path fill=\"#ffd100\" d=\"M180,108V144L144,180H108Z\"/>\n<path fill=\"#c8102e\" d=\"M180,144V180H144Z\"/>\n<path fill=\"none\" stroke=\"#000\" stroke-width=\"1\" d=\"M0.5,0.5H179.5V179.5H0.5Z\"/>\n</svg>",
    "z": "<svg viewBox=\"0 0 180 180\">\n<path fill=\"#ffd100\" d=\"M90,90L0,0H180Z\"/>\n<path fill=\"#005eb8\" d=\"M90,90L180,0V180Z\"/>\n<path fill=\"#c8102e\" d=\"M90,90L180,180H0Z\"/>\n<path fill=\"#2d2926\" d=\"M90,90L0,180V0Z\"/>\n<path fill=\"none\" stroke=\"#000\" stroke-width=\"1\" d=\"M0.5,0.5H179.5V179.5H0.5Z\"/>\n</svg>",
    "black": "<svg viewBox=\"0 0 180 180\">\n<path fill=\"#2d2926\" d=\"M0,0H180V180H0Z\"/>\n<path fill=\"none\" stroke=\"#000\" stroke-width=\"1\" d=\"M0.5,0.5H179.5V179.5H0.5Z\"/>\n</svg>",
    "blackwhite": "<svg viewBox=\"0 0 180 180\">\n<path fill=\"#2d2926\" d=\"M0,0H90V180H180V90H0V0\"/>\n<path fill=\"#f5f5f5\" d=\"M180,0H90V180H0V90H180V0\"/>\n<path fill=\"none\" stroke=\"#000\" stroke-width=\"1\" d=\"M0.5,0.5H179.5V179.5H0.5Z\"/>\n</svg>",
    "blue": "<svg viewBox=\"0 0 180 180\">\n<path fill=\"#005eb8\" d=\"M0,0H180V180H0Z\"/>\n<path fill=\"none\" stroke=\"#000\" stroke-width=\"1\" d=\"M0.5,0.5H179.5V179.5H0.5Z\"/>\n</svg>",
    "decrease": "<svg viewBox=\"0 0 180 180\">\n<path fill=\"#f5f5f5\" d=\"M0,0H180V180H0ZM45,81V99H135V81Z\"/>\n<path fill=\"#2d2926\" d=\"M45,81H135V99H45Z\"/>\n<path fill=\"none\" stroke=\"#000\" stroke-width=\"1\" d=\"M0.5,0.5H179.5V179.5H0.5Z\"/>\n</svg>",
    "green": "<svg viewBox=\"0 0 180 180\">\n<path fill=\"#00965e\" d=\"M0,0H180V180H0Z\"/>\n<path fill=\"none\" stroke=\"#000\" stroke-width=\"1\" d=\"M0.5,0.5H179.5V179.5H0.5Z\"/>\n</svg>",
    "greenwhite": "<svg viewBox=\"0 0 180 180\">\n<path fill=\"#00965e\" d=\"M0,0H45V180H90V0H135V180H180V135H0V90H180V45H0V0\"/>\n<path fill=\"#f5f5f5\" d=\"M180,0H135V180H90V0H45V180H0V45H180V90H0V135H180V0\"/>\n<path fill=\"none\" stroke=\"#000\" stroke-width=\"1\" d=\"M0.5,0.5H179.5V179.5H0.5Z\"/>\n</svg>",
    "increase": "<svg viewBox=\"0 0 180 180\">\n<path fill=\"#f5f5f5\" d=\"M0,0H180V180H0ZM81,45V81H45V99H81V135H99V99H135V81H99V45Z\"/>\n<path fill=\"#2d2926\" d=\"M81,45H99V81H135V99H99V135H81V99H45V81H81Z\"/>\n<path fill=\"none\" stroke=\"#000\" stroke-width=\"1\" d=\"M0.5,0.5H179.5V179.5H0.5Z\"/>\n</svg>",
    "orange": "<svg viewBox=\"0 0 180 180\">\n<path fill=\"#e37017\" d=\"M0,0H180V180H0Z\"/>\n<path fill=\"none\" stroke=\"#000\" stroke-width=\"1\" d=\"M0.5,0.5H179.5V179.5H0.5Z\"/>\n</svg>",
    "red": "<svg viewBox=\"0 0 180 180\">\n<path fill=\"#c8102e\" d=\"M0,0H180V180H0Z\"/>\n<path fill=\"none\" stroke=\"#000\" stroke-width=\"1\" d=\"M0.5,0.5H179.5V179.5H0.5Z\"/>\n</svg>",
    "toport": "<svg viewBox=\"0 0 180 180\">\n<path fill=\"#f5f5f5\" d=\"M0,0H180V180H0ZM45,30V150H135V30Z\"/>\n<path fill=\"#c8102e\" d=\"M45,30H135V150H45Z\"/>\n<path fill=\"none\" stroke=\"#000\" stroke-width=\"1\" d=\"M0.5,0.5H179.5V179.5H0.5Z\"/>\n</svg>",
    "tostarboard": "<svg viewBox=\"0 0 180 180\">\n<path fill=\"#f5f5f5\" d=\"M0,0H180V180H0ZM90,30L45,150H135Z\"/>\n<path fill=\"#00965e\" d=\"M90,30L135,150H45Z\"/>\n<path fill=\"none\" stroke=\"#000\" stroke-width=\"1\" d=\"M0.5,0.5H179.5V179.5H0.5Z\"/>\n</svg>",
    "yellow": "<svg viewBox=\"0 0 180 180\">\n<path fill=\"#ffd100\" d=\"M0,0H180V180H0Z\"/>\n<path fill=\"none\" stroke=\"#000\" stroke-width=\"1\" d=\"M0.5,0.5H179.5V179.5H0.5Z\"/>\n</svg>"
  }
}
