<?xml version="1.0" encoding="utf-8" standalone="yes"?>
<rss version="2.0" xmlns:atom="http://www.w3.org/2005/Atom">
  <channel>
    <title>Tags on Signal Flags</title>
    <link>https://signalflags.org/tags/</link>
    <description>Recent content in Tags on Signal Flags</description>
    <generator>Hugo -- gohugo.io</generator>
    <language>en-gb</language><atom:link href="https://signalflags.org/tags/index.xml" rel="self" type="application/rss+xml" />
    <item>
      <title>alphabet</title>
      <link>https://signalflags.org/tags/alphabet/</link>
      <pubDate>Mon, 01 Jan 0001 00:00:00 +0000</pubDate>
      
      <guid>https://signalflags.org/tags/alphabet/</guid>
      <description></description>
    </item>
    
    <item>
      <title>black</title>
      <link>https://signalflags.org/tags/black/</link>
      <pubDate>Mon, 01 Jan 0001 00:00:00 +0000</pubDate>
      
      <guid>https://signalflags.org/tags/black/</guid>
      <description></description>
    </item>
    
    <item>
      <title>blue</title>
      <link>https://signalflags.org/tags/blue/</link>
      <pubDate>Mon, 01 Jan 0001 00:00:00 +0000</pubDate>
      
      <guid>https://signalflags.org/tags/blue/</guid>
      <description></description>
    </item>
    
    <item>
      <title>flag</title>
      <link>https://signalflags.org/tags/flag/</link>
      <pubDate>Mon, 01 Jan 0001 00:00:00 +0000</pubDate>
      
      <guid>https://signalflags.org/tags/flag/</guid>
      <description></description>
    </item>
    
    <item>
      <title>green</title>
      <link>https://signalflags.org/tags/green/</link>
      <pubDate>Mon, 01 Jan 0001 00:00:00 +0000</pubDate>
      
      <guid>https://signalflags.org/tags/green/</guid>
      <description></description>
    </item>
    
    <item>
      <title>ics</title>
      <link>https://signalflags.org/tags/ics/</link>
      <pubDate>Mon, 01 Jan 0001 00:00:00 +0000</pubDate>
      
      <guid>https://signalflags.org/tags/ics/</guid>
      <description></description>
    </item>
    
    <item>
      <title>mark-move</title>
      <link>https://signalflags.org/tags/mark-move/</link>
      <pubDate>Mon, 01 Jan 0001 00:00:00 +0000</pubDate>
      
      <guid>https://signalflags.org/tags/mark-move/</guid>
      <description></description>
    </item>
    
    <item>
      <title>numeral</title>
      <link>https://signalflags.org/tags/numeral/</link>
      <pubDate>Mon, 01 Jan 0001 00:00:00 +0000</pubDate>
      
      <guid>https://signalflags.org/tags/numeral/</guid>
      <description></description>
    </item>
    
    <item>
      <title>orange</title>
      <link>https://signalflags.org/tags/orange/</link>
      <pubDate>Mon, 01 Jan 0001 00:00:00 +0000</pubDate>
      
      <guid>https://signalflags.org/tags/orange/</guid>
      <description></description>
    </item>
    
    <item>
      <title>pennant</title>
      <link>https://signalflags.org/tags/pennant/</link>
      <pubDate>Mon, 01 Jan 0001 00:00:00 +0000</pubDate>
      
      <guid>https://signalflags.org/tags/pennant/</guid>
      <description></description>
    </item>
    
    <item>
      <title>red</title>
      <link>https://signalflags.org/tags/red/</link>
      <pubDate>Mon, 01 Jan 0001 00:00:00 +0000</pubDate>
      
      <guid>https://signalflags.org/tags/red/</guid>
      <description></description>
    </item>
    
    <item>
      <title>rrs</title>
      <link>https://signalflags.org/tags/rrs/</link>
      <pubDate>Mon, 01 Jan 0001 00:00:00 +0000</pubDate>
      
      <guid>https://signalflags.org/tags/rrs/</guid>
      <description></description>
    </item>
    
    <item>
      <title>substitute</title>
      <link>https://signalflags.org/tags/substitute/</link>
      <pubDate>Mon, 01 Jan 0001 00:00:00 +0000</pubDate>
      
      <guid>https://signalflags.org/tags/substitute/</guid>
      <description></description>
    </item>
    
    <item>
      <title>swallowtail</title>
      <link>https://signalflags.org/tags/swallowtail/</link>
      <pubDate>Mon, 01 Jan 0001 00:00:00 +0000</pubDate>
      
      <guid>https://signalflags.org/tags/swallowtail/</guid>
      <description></description>
    </item>
    
    <item>
      <title>symbol</title>
      <link>https://signalflags.org/tags/symbol/</link>
      <pubDate>Mon, 01 Jan 0001 00:00:00 +0000</pubDate>
      
      <guid>https://signalflags.org/tags/symbol/</guid>
      <description></description>
    </item>
    
    <item>
      <title>triangle</title>
      <link>https://signalflags.org/tags/triangle/</link>
      <pubDate>Mon, 01 Jan 0001 00:00:00 +0000</pubDate>
      
      <guid>https://signalflags.org/tags/triangle/</guid>
      <description></description>
    </item>
    
    <item>
      <title>white</title>
      <link>https://signalflags.org/tags/white/</link>
      <pubDate>Mon, 01 Jan 0001 00:00:00 +0000</pubDate>
      
      <guid>https://signalflags.org/tags/white/</guid>
      <description></description>
    </item>
    
    <item>
      <title>yellow</title>
      <link>https://signalflags.org/tags/yellow/</link>
      <pubDate>Mon, 01 Jan 0001 00:00:00 +0000</pubDate>
      
      <guid>https://signalflags.org/tags/yellow/</guid>
      <description></description>
    </item>
    
  </channel>
</rss>
