<?xml version="1.0" encoding="utf-8" standalone="yes"?>
<rss version="2.0" xmlns:atom="http://www.w3.org/2005/Atom">
  <channel>
    <title>swallowtail on Signal Flags</title>
    <link>https://signalflags.org/tags/swallowtail/</link>
    <description>Recent content in swallowtail on Signal Flags</description>
    <generator>Hugo -- gohugo.io</generator>
    <language>en-gb</language><atom:link href="https://signalflags.org/tags/swallowtail/index.xml" rel="self" type="application/rss+xml" />
    <item>
      <title>Alphabet flag A</title>
      <link>https://signalflags.org/flags/a/</link>
      <pubDate>Mon, 01 Jan 0001 00:00:00 +0000</pubDate>
      
      <guid>https://signalflags.org/flags/a/</guid>
      <description></description>
    </item>
    
    <item>
      <title>Alphabet flag B</title>
      <link>https://signalflags.org/flags/b/</link>
      <pubDate>Mon, 01 Jan 0001 00:00:00 +0000</pubDate>
      
      <guid>https://signalflags.org/flags/b/</guid>
      <description></description>
    </item>
    
  </channel>
</rss>
